"Date","Democrats","Republicans","Green","Constitution","Libertarians","Unaffiliated","White","Black","AmericanIndian","NativeHawaiian","Other","Hispanic","Male","Female","UndisclosedGender","Total"
"2004-01-01","2610","2806","0","0","7","866","5962","1","283","0","37","19","3030","3259","0","6289"
"2004-05-01","2620","2819","0","0","7","889","6002","1","286","0","38","20","3054","3281","0","6335"
"2005-01-01","2651","2895","0","0","10","955","6172","1","286","0","38","23","3133","3378","0","6511"
"2006-01-01","2535","2800","0","0","0","957","5964","1","273","0","37","25","3011","3277","0","6292"
"2006-04-01","2521","2769","0","0","1","959","5923","1","270","0","37","26","3000","3246","0","6250"
"2007-06-02","2567","2840","0","0","0","1039","6103","1","272","0","41","32","3101","3339","0","6446"
"2007-09-29","2568","2841","0","0","0","1065","6126","1","274","0","42","32","3107","3361","0","6474"
"2008-01-05","2554","2834","0","0","0","1087","6123","1","274","0","43","32","3112","3356","0","6475"
"2008-03-01","2571","2844","0","0","0","1097","6154","1","278","0","43","31","3129","3376","0","6512"
"2008-08-30","2581","2830","0","0","3","1132","6186","1","280","0","42","34","3129","3409","0","6546"
"2008-10-04","2580","2837","0","0","3","1142","6198","1","283","0","43","33","3136","3418","0","6562"
"2008-10-11","2579","2842","0","0","3","1146","6206","1","284","0","43","33","3142","3420","0","6570"
"2008-10-18","2573","2844","0","0","3","1152","6207","1","285","0","43","34","3142","3422","0","6572"
"2008-10-25","2568","2844","0","0","2","1154","6203","1","286","0","43","33","3138","3422","0","6568"
"2008-11-04","2573","2852","0","0","3","1160","6222","1","286","0","43","33","3149","3430","0","6588"
"2008-11-29","2579","2864","0","0","3","1171","6245","1","289","0","43","33","3160","3447","0","6617"
"2008-12-27","2571","2856","0","0","3","1168","6226","1","289","0","43","33","3149","3439","0","6598"
"2009-01-03","2573","2859","0","0","3","1168","6231","1","289","0","43","34","3151","3442","0","6603"
"2009-02-07","2542","2838","0","0","3","1153","6168","1","286","0","42","35","3121","3405","0","6536"
"2009-02-14","2526","2831","0","0","3","1150","6143","1","285","0","42","35","3112","3388","0","6510"
"2009-02-21","2525","2829","0","0","3","1151","6141","1","285","0","42","35","3113","3385","0","6508"
"2009-02-28","2525","2828","0","0","3","1152","6141","1","285","0","42","35","3112","3386","0","6508"
"2009-03-07","2528","2829","0","0","3","1154","6146","1","285","0","43","36","3116","3388","0","6514"
"2009-03-14","2527","2824","0","0","3","1154","6141","1","284","0","43","36","3112","3386","0","6508"
"2009-03-21","2524","2824","0","0","3","1157","6139","1","286","0","43","36","3112","3386","0","6508"
"2009-03-28","2527","2835","0","0","3","1166","6159","1","288","0","44","36","3128","3393","0","6531"
"2009-04-04","2524","2826","0","0","3","1164","6147","1","286","0","44","36","3121","3386","0","6517"
"2009-04-11","2522","2826","0","0","3","1167","6148","1","286","0","44","36","3119","3389","0","6518"
"2009-04-18","2525","2826","0","0","3","1169","6153","1","286","0","44","36","3126","3387","0","6523"
"2009-04-25","2522","2825","0","0","3","1169","6149","1","286","0","44","36","3124","3385","0","6519"
"2009-05-02","2524","2826","0","0","3","1168","6151","1","286","0","44","36","3124","3387","0","6521"
"2009-05-09","2522","2823","0","0","3","1167","6145","1","286","0","44","36","3122","3383","0","6515"
"2009-05-16","2522","2823","0","0","3","1167","6145","1","286","0","44","36","3122","3383","0","6515"
"2009-05-23","2522","2823","0","0","3","1167","6145","1","286","0","44","36","3122","3383","0","6515"
"2009-05-30","2522","2820","0","0","3","1169","6144","1","286","0","44","36","3121","3383","0","6514"
"2009-06-06","2520","2817","0","0","3","1172","6142","1","286","0","44","36","3126","3376","0","6512"
"2009-06-13","2519","2817","0","0","3","1171","6141","1","285","0","44","36","3124","3376","0","6510"
"2009-06-20","2520","2817","0","0","3","1172","6143","1","285","0","44","36","3124","3378","0","6512"
"2009-06-27","2520","2817","0","0","3","1172","6143","1","285","0","44","36","3124","3378","0","6512"
"2009-07-04","2517","2813","0","0","3","1171","6135","1","285","0","44","36","3121","3373","0","6504"
"2009-07-11","2517","2813","0","0","3","1171","6135","1","285","0","44","36","3121","3373","0","6504"
"2009-07-18","2520","2815","0","0","3","1172","6140","1","286","0","44","36","3124","3376","0","6510"
"2009-07-25","2519","2819","0","0","3","1171","6142","1","286","0","44","36","3125","3377","0","6512"
"2009-08-02","2520","2820","0","0","3","1171","6142","1","287","0","44","36","3126","3378","0","6514"
"2009-08-08","2520","2825","0","0","3","1170","6145","1","287","0","44","36","3126","3382","0","6518"
"2009-08-15","2518","2825","0","0","3","1167","6140","1","287","0","44","36","3119","3384","0","6513"
"2009-08-22","2517","2826","0","0","3","1169","6142","1","287","0","44","36","3121","3384","0","6515"
"2009-08-29","2514","2822","0","0","3","1172","6138","1","287","0","44","36","3121","3380","0","6511"
"2009-09-05","2515","2824","0","0","3","1175","6144","1","287","0","44","36","3123","3384","0","6517"
"2009-09-12","2517","2823","0","0","3","1177","6147","1","287","0","44","36","3124","3386","0","6520"
"2009-09-19","2518","2823","0","0","3","1177","6148","1","287","0","44","36","3125","3386","0","6521"
"2009-09-26","2515","2824","0","0","3","1176","6145","1","287","0","44","36","3124","3384","0","6518"
"2009-10-03","2515","2824","0","0","3","1176","6145","1","287","0","44","36","3124","3384","0","6518"
"2009-10-10","2520","2822","0","0","3","1177","6148","1","288","0","44","36","3126","3386","0","6522"
"2009-10-17","2522","2824","0","0","3","1178","6153","1","288","0","44","36","3130","3387","0","6527"
"2009-10-24","2520","2824","0","0","3","1181","6153","1","289","0","44","36","3131","3387","0","6528"
"2009-10-31","2520","2823","0","0","3","1182","6153","1","289","0","44","36","3133","3385","0","6528"
"2009-11-03","2520","2823","0","0","3","1182","6153","1","289","0","44","36","3133","3385","0","6528"
"2009-11-21","2524","2832","0","0","3","1196","6178","1","289","0","44","36","3147","3398","0","6555"
"2009-11-28","2524","2832","0","0","3","1196","6178","1","289","0","44","36","3146","3399","0","6555"
"2009-12-05","2525","2835","0","0","3","1196","6181","1","289","0","44","36","3148","3401","0","6559"
"2009-12-12","2522","2832","0","0","3","1193","6172","1","289","0","44","36","3142","3398","0","6550"
"2009-12-19","2522","2833","0","0","3","1193","6173","1","289","0","44","36","3143","3398","0","6551"
"2009-12-26","2524","2833","0","0","3","1198","6180","1","289","0","44","36","3147","3401","0","6558"
"2010-01-02","2520","2828","0","0","3","1198","6171","1","289","0","44","36","3143","3396","0","6549"
"2010-01-09","2520","2828","0","0","3","1199","6172","1","289","0","44","36","3144","3396","0","6550"
"2010-01-16","2521","2827","0","0","3","1204","6176","1","290","0","44","36","3149","3396","0","6555"
"2010-01-23","2520","2824","0","0","3","1201","6170","1","290","0","44","36","3145","3393","0","6548"
"2010-01-30","2519","2828","0","0","3","1208","6178","1","292","0","44","36","3149","3399","0","6558"
"2010-02-06","2477","2770","0","0","3","1190","6066","1","287","0","44","36","3085","3345","0","6440"
"2010-02-13","2478","2765","0","0","3","1188","6060","1","287","0","44","36","3080","3344","0","6434"
"2010-02-20","2476","2763","0","0","3","1191","6058","1","287","0","44","36","3079","3344","0","6433"
"2010-02-27","2471","2763","0","0","3","1206","6067","1","288","0","44","36","3085","3348","0","6443"
"2010-03-06","2470","2764","0","0","3","1212","6074","1","287","0","44","37","3089","3350","0","6449"
"2010-03-13","2478","2770","0","0","3","1221","6095","1","287","0","44","37","3101","3361","0","6472"
"2010-03-20","2482","2768","0","0","3","1228","6103","1","288","0","44","37","3105","3366","0","6481"
"2010-03-27","2478","2765","0","0","4","1233","6101","1","289","0","44","39","3104","3366","0","6480"
"2010-04-03","2484","2761","0","0","4","1236","6107","1","288","0","44","39","3109","3366","0","6485"
"2010-04-10","2485","2764","0","0","4","1238","6111","1","290","0","44","40","3113","3368","0","6491"
"2010-04-17","2487","2762","0","0","4","1253","6125","1","291","0","44","40","3123","3373","0","6506"
"2010-04-24","2484","2762","0","0","4","1254","6123","1","291","0","44","41","3122","3372","0","6504"
"2010-05-01","2484","2761","0","0","4","1256","6124","1","291","0","44","41","3121","3374","0","6505"
"2010-05-04","2483","2761","0","0","4","1256","6123","1","291","0","44","41","3120","3374","0","6504"
"2010-05-08","2482","2762","0","0","4","1257","6124","1","291","0","44","41","3121","3374","0","6505"
"2010-05-15","2484","2765","0","0","4","1257","6127","1","293","0","44","41","3124","3375","0","6510"
"2010-05-22","2484","2765","0","0","4","1257","6128","1","293","0","44","41","3124","3375","0","6510"
"2010-05-29","2483","2764","0","0","4","1257","6126","1","293","0","44","41","3123","3374","0","6508"
"2010-06-05","2481","2761","0","0","4","1254","6118","1","293","0","44","41","3117","3372","0","6500"
"2010-06-12","2481","2761","0","0","4","1254","6118","1","293","0","44","41","3117","3372","0","6500"
"2010-06-19","2481","2761","0","0","4","1254","6118","1","293","0","44","41","3117","3372","0","6500"
"2010-06-22","2481","2761","0","0","4","1254","6118","1","293","0","44","41","3117","3372","0","6500"
"2010-06-26","2481","2760","0","0","4","1253","6116","1","293","0","44","41","3115","3372","0","6498"
"2010-07-03","2480","2759","0","0","4","1251","6112","1","293","0","44","41","3113","3370","0","6494"
"2010-07-10","2476","2771","0","0","5","1257","6125","1","294","0","44","41","3124","3374","0","6509"
"2010-07-17","2476","2770","0","0","5","1258","6125","1","294","0","44","41","3123","3375","0","6509"
"2010-07-24","2476","2770","0","0","5","1258","6125","1","294","0","44","41","3123","3375","0","6509"
"2010-07-31","2476","2771","0","0","5","1262","6130","1","294","0","44","41","3127","3376","0","6514"
"2010-08-07","2476","2771","0","0","5","1261","6129","1","294","0","44","41","3126","3376","0","6513"
"2010-08-14","2474","2766","0","0","5","1264","6125","1","294","0","44","41","3123","3375","0","6509"
"2010-08-21","2473","2766","0","0","5","1264","6124","1","294","0","44","41","3123","3374","0","6508"
"2010-08-28","2474","2765","0","0","5","1269","6129","1","294","0","44","40","3125","3377","0","6513"
"2010-08-31","2474","2766","0","0","5","1272","6133","1","294","0","44","40","3126","3380","0","6517"
"2010-09-04","2476","2768","0","0","5","1274","6139","1","294","0","44","40","3130","3382","0","6523"
"2010-09-11","2475","2769","0","0","5","1279","6142","1","294","0","44","40","3133","3384","0","6528"
"2010-09-18","2474","2770","0","0","5","1276","6139","1","294","0","44","40","3132","3382","0","6525"
"2010-09-25","2477","2771","0","0","5","1276","6140","1","296","0","44","40","3134","3384","0","6529"
"2010-10-02","2480","2771","0","0","5","1283","6148","1","297","0","44","41","3140","3388","0","6539"
"2010-10-09","2479","2778","0","0","5","1288","6159","1","297","0","44","41","3146","3392","0","6550"
"2010-10-16","2468","2779","0","0","5","1291","6155","1","293","0","44","41","3143","3388","0","6543"
"2010-10-23","2468","2781","0","0","5","1297","6163","1","293","0","44","41","3148","3391","0","6551"
"2010-10-30","2471","2785","0","0","5","1300","6172","1","294","0","44","41","3153","3396","0","6561"
"2010-11-02","2469","2784","0","0","5","1300","6169","1","294","0","44","41","3152","3394","0","6558"
"2010-11-06","2469","2783","0","0","5","1300","6168","1","294","0","44","41","3152","3393","0","6557"
"2010-11-13","2473","2784","0","0","5","1303","6175","1","295","0","44","41","3161","3392","0","6565"
"2010-11-20","2473","2783","0","0","5","1301","6172","1","295","0","44","41","3160","3390","0","6562"
"2010-11-27","2486","2793","0","0","7","1309","6178","1","296","0","44","41","3157","3388","0","6595"
"2010-12-04","2485","2791","0","0","7","1309","6175","1","296","0","44","41","3155","3387","0","6592"
"2010-12-11","2485","2791","0","0","7","1309","6175","1","296","0","44","41","3155","3387","0","6592"
"2010-12-18","2485","2793","0","0","7","1312","6180","1","296","0","44","41","3157","3390","0","6597"
"2010-12-25","2486","2793","0","0","7","1311","6179","1","296","0","45","41","3158","3389","0","6597"
"2011-01-01","2486","2793","0","0","7","1311","6179","1","296","0","45","41","3158","3389","0","6597"
"2011-01-08","2486","2794","0","0","7","1311","6180","1","296","0","45","41","3157","3391","0","6598"
"2011-01-15","2486","2793","0","0","7","1311","6179","1","296","0","45","41","3157","3390","0","6597"
"2011-01-22","2486","2795","0","0","7","1315","6185","1","296","0","45","41","3161","3392","0","6603"
"2011-01-29","2482","2792","0","0","7","1314","6177","1","296","0","45","41","3158","3387","0","6595"
"2011-02-05","2474","2790","0","0","7","1318","6170","1","296","0","46","42","3156","3383","0","6589"
"2011-02-12","2471","2784","0","0","7","1316","6158","1","297","0","46","42","3153","3376","0","6578"
"2011-02-19","2472","2785","0","0","7","1319","6163","1","297","0","46","42","3157","3378","0","6583"
"2011-02-26","2472","2784","0","0","7","1319","6162","1","297","0","46","42","3156","3378","0","6582"
"2011-03-05","2473","2785","0","0","7","1322","6167","1","297","0","46","42","3160","3379","0","6587"
"2011-03-12","2473","2785","0","0","7","1322","6167","1","297","0","46","42","3160","3379","0","6587"
"2011-03-19","2461","2785","0","0","7","1321","6154","1","297","0","46","42","3154","3372","0","6574"
"2011-03-26","2462","2785","0","0","7","1320","6154","1","297","0","46","42","3154","3372","0","6574"
"2011-04-02","2463","2784","0","0","7","1317","6152","1","296","0","46","42","3154","3369","0","6571"
"2011-04-09","2457","2783","0","0","7","1319","6147","1","296","0","46","42","3153","3364","0","6566"
"2011-04-16","2456","2782","0","0","7","1316","6142","1","296","0","46","42","3148","3364","0","6561"
"2011-04-23","2456","2782","0","0","7","1316","6142","1","296","0","46","42","3148","3364","0","6561"
"2011-04-30","2456","2782","0","0","7","1316","6142","1","296","0","46","42","3148","3364","0","6561"
"2011-05-07","2455","2782","0","0","7","1316","6141","1","296","0","46","42","3148","3363","0","6560"
"2011-05-14","2455","2783","0","0","7","1321","6146","1","297","0","46","42","3151","3366","0","6566"
"2011-05-21","2456","2788","0","0","7","1321","6152","1","297","0","46","42","3155","3368","0","6572"
"2011-05-28","2455","2788","0","0","7","1320","6150","1","297","0","46","42","3154","3367","0","6570"
"2011-06-04","2454","2791","0","0","7","1321","6154","1","296","0","46","42","3155","3369","0","6573"
"2011-06-11","2454","2791","0","0","7","1320","6153","1","296","0","46","42","3154","3369","0","6572"
"2011-06-18","2454","2786","0","0","7","1322","6147","1","299","0","46","42","3153","3367","0","6569"
"2011-06-25","2454","2788","0","0","7","1323","6150","1","299","0","46","42","3155","3368","0","6572"
"2011-07-02","2453","2788","0","0","7","1323","6149","1","299","0","46","42","3155","3367","0","6571"
"2011-07-09","2453","2790","0","0","7","1324","6152","1","299","0","46","42","3158","3367","0","6574"
"2011-07-16","2453","2791","0","0","7","1326","6155","1","299","0","46","42","3160","3368","0","6577"
"2011-07-23","2453","2791","0","0","7","1326","6155","1","299","0","46","42","3160","3368","0","6577"
"2011-07-30","2451","2797","0","0","7","1331","6163","1","300","0","46","42","3165","3372","0","6586"
"2011-08-06","2451","2797","0","0","7","1332","6164","1","300","0","46","42","3165","3373","0","6587"
"2011-08-13","2452","2797","0","0","7","1333","6166","1","300","0","46","42","3166","3374","0","6589"
"2011-08-20","2451","2791","0","0","7","1330","6156","1","300","0","46","42","3159","3371","0","6579"
"2011-08-27","2449","2790","0","0","7","1328","6151","1","300","0","46","42","3155","3370","0","6574"
"2011-09-03","2448","2788","0","0","7","1330","6150","1","300","0","46","42","3156","3368","0","6573"
"2011-09-10","2448","2787","0","0","7","1330","6149","1","300","0","46","41","3156","3367","0","6572"
"2011-09-17","2450","2792","0","0","7","1333","6159","1","300","0","46","41","3161","3372","0","6582"
"2011-09-24","2450","2792","0","0","7","1333","6159","1","300","0","46","41","3161","3372","0","6582"
"2011-10-01","2450","2792","0","0","7","1332","6158","1","300","0","46","41","3161","3371","0","6581"
"2011-10-08","2448","2790","0","0","7","1334","6155","1","301","0","46","41","3160","3370","0","6579"
"2011-10-15","2448","2790","0","0","7","1333","6154","1","301","0","46","41","3159","3370","0","6578"
"2011-10-22","2447","2790","0","0","7","1333","6154","1","300","0","46","41","3158","3370","0","6577"
"2011-10-29","2447","2789","0","0","7","1333","6153","1","300","0","46","41","3157","3370","0","6576"
"2011-11-05","2447","2789","0","0","7","1333","6153","1","300","0","46","41","3157","3370","0","6576"
"2011-11-12","2451","2791","0","0","7","1334","6160","1","300","0","46","41","3161","3373","0","6583"
"2011-11-19","2451","2791","0","0","7","1334","6160","1","300","0","46","41","3161","3373","0","6583"
"2011-11-26","2450","2791","0","0","7","1334","6159","1","300","0","46","41","3160","3373","0","6582"
"2011-12-03","2448","2790","0","0","7","1333","6156","1","299","0","46","41","3158","3371","0","6578"
"2011-12-10","2442","2785","0","0","7","1333","6146","1","299","0","46","41","3151","3367","0","6567"
"2011-12-17","2449","2787","0","0","7","1337","6157","1","301","0","46","41","3159","3372","0","6580"
"2011-12-24","2450","2788","0","0","7","1340","6162","1","301","0","46","41","3162","3374","0","6585"
"2011-12-31","2451","2787","0","0","7","1342","6163","1","302","0","46","41","3164","3374","0","6587"
"2012-01-07","2452","2787","0","0","7","1342","6165","1","302","0","46","41","3165","3375","0","6588"
"2012-01-14","2449","2787","0","0","7","1341","6162","1","301","0","120","41","3162","3374","48","6584"
"2012-01-21","2448","2787","0","0","7","1341","6161","1","301","0","120","41","3161","3374","48","6583"
"2012-01-28","2448","2794","0","0","7","1344","6172","1","301","0","119","41","3165","3380","48","6593"
"2012-02-04","2448","2794","0","0","7","1343","6171","1","301","0","119","41","3165","3379","48","6592"
"2012-02-11","2449","2798","0","0","7","1346","6179","1","301","0","119","41","3168","3384","48","6600"
"2012-02-18","2440","2802","0","0","7","1348","6176","1","301","0","119","41","3167","3382","48","6597"
"2012-02-25","2438","2801","0","0","7","1353","6178","1","301","0","119","41","3166","3385","48","6599"
"2012-03-03","2436","2800","0","0","7","1353","6174","1","302","0","119","41","3165","3383","48","6596"
"2012-03-10","2441","2810","0","0","8","1362","6197","1","303","0","120","41","3181","3393","47","6621"
"2012-03-17","2434","2800","0","0","8","1358","6176","1","302","0","121","41","3172","3382","46","6600"
"2012-03-24","2432","2797","0","0","8","1357","6171","1","301","0","121","41","3169","3379","46","6594"
"2012-03-31","2432","2796","0","0","8","1358","6171","1","301","0","121","41","3171","3377","46","6594"
"2012-04-07","2432","2797","0","0","8","1358","6172","1","301","0","121","41","3173","3376","46","6595"
"2012-04-14","2428","2803","0","0","8","1362","6178","1","301","0","121","41","3174","3380","47","6601"
"2012-04-21","2427","2803","0","0","8","1362","6177","1","301","0","121","41","3174","3379","47","6600"
"2012-04-28","2427","2802","0","0","8","1362","6176","1","301","0","121","41","3174","3378","47","6599"
"2012-05-05","2426","2800","0","0","8","1363","6175","1","300","0","121","41","3173","3377","47","6597"
"2012-05-08","2426","2803","0","0","8","1366","6180","1","300","0","122","41","3174","3381","48","6603"
"2012-05-12","2426","2803","0","0","8","1366","6180","1","300","0","122","41","3174","3381","48","6603"
"2012-05-19","2426","2807","0","0","8","1366","6183","1","300","0","123","41","3176","3382","49","6607"
"2012-05-26","2426","2807","0","0","8","1366","6183","1","300","0","123","41","3176","3382","49","6607"
"2012-06-02","2425","2803","0","0","8","1366","6178","1","300","0","123","41","3173","3380","49","6602"
"2012-06-09","2424","2804","0","0","8","1365","6177","1","300","0","123","41","3173","3379","49","6601"
"2012-06-16","2424","2804","0","0","8","1365","6177","1","300","0","123","41","3173","3379","49","6601"
"2012-06-23","2423","2804","0","0","8","1365","6176","1","300","0","123","41","3172","3379","49","6600"
"2012-06-30","2424","2811","0","0","8","1367","6183","1","302","0","124","41","3177","3383","50","6610"
"2012-07-07","2418","2806","0","0","8","1366","6171","1","302","0","124","41","3169","3379","50","6598"
"2012-07-14","2418","2806","0","0","8","1366","6171","1","302","0","124","41","3169","3379","50","6598"
"2012-07-17","2418","2806","0","0","8","1366","6171","1","302","0","124","41","3169","3379","50","6598"
"2012-07-21","2421","2811","0","0","8","1380","6192","1","302","0","125","41","3181","3388","51","6620"
"2012-07-28","2417","2811","0","0","8","1383","6190","1","302","0","126","41","3179","3388","52","6619"
"2012-08-04","2417","2811","0","0","8","1382","6189","1","302","0","126","41","3178","3388","52","6618"
"2012-08-08","2417","2807","0","0","8","1381","6183","1","303","0","126","41","3174","3387","52","6613"
"2012-08-11","2417","2807","0","0","8","1381","6183","1","303","0","126","41","3174","3387","52","6613"
"2012-08-18","2412","2807","0","0","9","1380","6179","1","302","0","126","41","3168","3388","52","6608"
"2012-08-25","2412","2804","0","0","9","1381","6178","1","301","0","126","41","3167","3387","52","6606"
"2012-09-01","2410","2805","0","0","9","1388","6183","1","302","0","126","41","3169","3391","52","6612"
"2012-09-08","2407","2810","0","0","9","1389","6185","1","302","0","127","41","3171","3392","52","6615"
"2012-09-15","2403","2809","0","0","9","1391","6182","1","302","0","127","41","3169","3391","52","6612"
"2012-09-22","2396","2808","0","0","8","1393","6177","1","301","0","126","40","3165","3387","53","6605"
"2012-09-29","2398","2814","0","0","8","1398","6187","1","304","0","126","40","3169","3396","53","6618"
"2012-10-06","2396","2815","0","0","9","1404","6192","1","305","0","126","41","3174","3398","52","6624"
"2012-10-13","2395","2821","0","0","10","1412","6208","1","304","0","125","41","3183","3403","52","6638"
"2012-10-20","2397","2820","0","0","10","1418","6214","1","304","0","126","41","3184","3404","57","6645"
"2012-10-27","2394","2825","0","0","11","1417","6217","1","305","0","124","42","3189","3402","56","6647"
"2012-11-03","2394","2824","0","0","11","1420","6220","1","305","0","123","42","3189","3405","55","6649"
"2012-11-06","2393","2823","0","0","11","1419","6217","1","305","0","123","42","3188","3403","55","6646"
"2012-11-10","2394","2824","0","0","11","1417","6217","1","305","0","123","42","3188","3403","55","6646"
"2012-11-17","2391","2838","0","0","12","1434","6241","1","307","0","126","43","3197","3421","57","6675"
"2012-11-24","2390","2838","0","0","12","1437","6243","1","307","0","126","43","3197","3423","57","6677"
"2012-11-28","2388","2835","0","0","12","1437","6238","1","307","0","126","43","3195","3420","57","6672"
"2012-12-01","2389","2836","0","0","12","1435","6238","1","307","0","126","43","3195","3420","57","6672"
"2012-12-08","2389","2836","0","0","12","1435","6238","1","307","0","126","43","3195","3420","57","6672"
"2012-12-15","2385","2833","0","0","12","1435","6230","1","308","0","126","43","3190","3418","57","6665"
"2012-12-22","2385","2833","0","0","12","1433","6227","2","308","0","126","43","3189","3417","57","6663"
"2012-12-29","2385","2833","0","0","12","1433","6227","2","308","0","126","43","3189","3417","57","6663"
"2013-01-05","2384","2830","0","0","12","1430","6220","2","308","0","126","43","3185","3414","57","6656"
"2013-01-12","2379","2825","0","0","12","1429","6210","2","307","0","126","43","3180","3409","56","6645"
"2013-01-19","2350","2803","0","0","12","1414","6147","2","306","0","124","42","3145","3378","56","6579"
"2013-01-26","2349","2802","0","0","12","1414","6145","2","306","0","124","42","3144","3377","56","6577"
"2013-02-02","2349","2806","0","0","12","1415","6150","2","306","0","124","42","3144","3382","56","6582"
"2013-02-09","2346","2802","0","0","12","1414","6142","2","306","0","124","42","3140","3378","56","6574"
"2013-02-16","2346","2802","0","0","12","1412","6140","2","306","0","124","42","3139","3377","56","6572"
"2013-02-23","2347","2801","0","0","12","1412","6140","2","306","0","124","42","3139","3377","56","6572"
"2013-03-02","2347","2801","0","0","12","1412","6140","2","306","0","124","42","3139","3377","56","6572"
"2013-03-09","2345","2797","0","0","12","1408","6130","2","306","0","124","42","3133","3373","56","6562"
"2013-03-16","2345","2797","0","0","12","1408","6130","2","306","0","124","42","3133","3373","56","6562"
"2013-03-23","2344","2797","0","0","12","1408","6129","2","306","0","124","42","3132","3373","56","6561"
"2013-03-30","2340","2793","0","0","12","1408","6121","2","306","0","124","42","3127","3370","56","6553"
"2013-04-06","2345","2802","0","0","12","1415","6142","2","307","0","123","42","3138","3381","55","6574"
"2013-04-13","2344","2800","0","0","12","1414","6140","2","306","0","122","42","3136","3379","55","6570"
"2013-04-20","2341","2797","0","0","12","1414","6134","2","306","0","122","42","3132","3377","55","6564"
"2013-04-27","2341","2796","0","0","12","1414","6133","2","306","0","122","42","3131","3377","55","6563"
"2013-05-04","2344","2800","0","0","13","1415","6139","3","307","0","123","42","3138","3379","55","6572"
"2013-05-11","2344","2799","0","0","13","1415","6138","3","307","0","123","42","3138","3378","55","6571"
"2013-05-18","2340","2798","0","0","13","1414","6132","3","307","0","123","42","3136","3374","55","6565"
"2013-05-25","2340","2798","0","0","13","1414","6132","3","307","0","123","42","3136","3374","55","6565"
"2013-06-01","2345","2799","0","0","13","1420","6141","3","309","0","124","42","3140","3382","55","6577"
"2013-06-08","2345","2799","0","0","13","1420","6141","3","309","0","124","42","3139","3383","55","6577"
"2013-06-15","2344","2799","0","0","13","1420","6140","3","309","0","124","42","3138","3383","55","6576"
"2013-06-22","2340","2796","0","0","13","1420","6133","3","309","0","124","42","3134","3380","55","6569"
"2013-06-29","2342","2804","0","0","13","1424","6148","3","308","0","124","42","3141","3387","55","6583"
"2013-07-06","2342","2805","0","0","13","1425","6150","3","308","0","124","42","3142","3388","55","6585"
"2013-07-13","2338","2803","0","0","13","1426","6146","3","307","0","124","42","3139","3386","55","6580"
"2013-07-20","2336","2807","0","0","13","1427","6149","3","307","0","124","42","3141","3387","55","6583"
"2013-07-27","2336","2812","0","0","13","1426","6153","3","307","0","124","42","3144","3388","55","6587"
"2013-08-03","2335","2811","0","0","13","1427","6152","3","307","0","124","42","3145","3386","55","6586"
"2013-08-10","2335","2811","0","0","13","1424","6149","3","307","0","124","42","3144","3384","55","6583"
"2013-08-17","2334","2816","0","0","13","1433","6162","3","307","0","124","42","3150","3391","55","6596"
"2013-08-24","2335","2817","0","0","13","1432","6163","3","307","0","124","42","3150","3392","55","6597"
"2013-08-31","2336","2815","0","0","13","1434","6164","3","307","0","124","42","3151","3392","55","6598"
"2013-09-07","2336","2815","0","0","13","1433","6163","3","307","0","124","42","3150","3392","55","6597"
"2013-09-14","2332","2814","0","0","13","1436","6162","3","306","0","124","42","3150","3390","55","6595"
"2013-09-21","2334","2816","0","0","13","1438","6168","3","306","0","124","42","3154","3392","55","6601"
"2013-09-28","2333","2817","0","0","13","1438","6168","3","306","0","124","42","3154","3392","55","6601"
"2013-10-05","2332","2817","0","0","13","1438","6167","3","306","0","124","42","3154","3391","55","6600"
"2013-10-12","2327","2816","0","0","14","1439","6163","3","306","0","124","42","3155","3386","55","6596"
"2013-10-19","2327","2815","0","0","14","1438","6162","3","306","0","123","42","3152","3387","55","6594"
"2013-10-26","2324","2802","0","0","14","1435","6145","3","304","0","123","42","3143","3377","55","6575"
"2013-11-02","2323","2801","0","0","14","1435","6143","3","304","0","123","42","3142","3376","55","6573"
"2013-11-05","2323","2801","0","0","14","1434","6142","3","304","0","123","42","3142","3375","55","6572"
"2013-11-09","2324","2800","0","0","14","1435","6143","3","304","0","123","42","3143","3375","55","6573"
"2013-11-16","2323","2803","0","0","14","1436","6145","3","304","0","124","42","3144","3377","55","6576"
"2013-11-23","2323","2803","0","0","14","1436","6145","3","304","0","124","42","3144","3377","55","6576"
"2013-11-30","2325","2804","0","0","14","1438","6150","3","304","0","124","42","3147","3379","55","6581"
"2013-12-07","2319","2803","0","0","13","1436","6140","3","304","0","124","42","3144","3373","54","6571"
"2013-12-14","2317","2800","0","0","13","1435","6134","3","304","0","124","42","3139","3372","54","6565"
"2013-12-21","2317","2804","0","0","13","1437","6140","3","304","0","124","42","3140","3377","54","6571"
"2013-12-28","2317","2804","0","0","13","1437","6140","3","304","0","124","42","3140","3377","54","6571"
"2014-01-01","2320","2805","0","0","13","1436","6143","3","304","0","124","42","3143","3377","54","6574"
"2014-01-04","2320","2805","0","0","13","1436","6143","3","304","0","124","42","3143","3377","54","6574"
"2014-01-11","2320","2807","0","0","13","1436","6145","3","304","0","124","42","3143","3379","54","6576"
"2014-01-18","2318","2807","0","0","13","1436","6144","3","303","0","124","42","3142","3378","54","6574"
"2014-01-25","2317","2807","0","0","13","1436","6144","3","302","0","124","42","3142","3377","54","6573"
"2014-02-01","2317","2805","0","0","13","1436","6142","3","302","0","124","42","3141","3376","54","6571"
"2014-02-08","2321","2814","0","0","13","1441","6159","3","303","0","124","42","3150","3385","54","6589"
"2014-02-15","2327","2826","0","0","13","1444","6179","3","304","0","124","42","3165","3391","54","6610"
"2014-02-22","2327","2825","0","0","13","1445","6179","3","304","0","124","42","3166","3390","54","6610"
"2014-03-01","2328","2829","0","0","13","1445","6184","3","304","0","124","42","3169","3392","54","6615"
"2014-03-08","2326","2832","0","0","13","1449","6188","3","305","0","124","42","3169","3397","54","6620"
"2014-03-15","2320","2835","0","0","13","1453","6186","3","308","0","124","43","3170","3397","54","6621"
"2014-03-22","2317","2834","0","0","13","1457","6186","3","308","0","124","43","3170","3398","53","6621"
"2014-03-29","2316","2831","0","0","13","1462","6187","3","308","0","124","43","3173","3396","53","6622"
"2014-04-05","2317","2829","0","0","13","1464","6188","3","308","0","124","43","3174","3396","53","6623"
"2014-04-12","2310","2822","0","0","13","1479","6190","2","308","0","124","43","3175","3396","53","6624"
"2014-04-19","2310","2822","0","0","13","1479","6190","2","308","0","124","43","3175","3396","53","6624"
"2014-04-26","2309","2820","0","0","13","1479","6188","2","308","0","123","43","3173","3395","53","6621"
"2014-05-03","2309","2820","0","0","13","1479","6188","2","308","0","123","43","3173","3395","53","6621"
"2014-05-06","2309","2820","0","0","13","1479","6188","2","308","0","123","43","3173","3395","53","6621"
"2014-05-10","2310","2820","0","0","13","1479","6187","2","308","0","125","43","3173","3394","55","6622"
"2014-05-17","2307","2819","0","0","13","1478","6182","2","308","0","125","43","3170","3392","55","6617"
"2014-05-24","2307","2825","0","0","13","1479","6189","2","309","0","124","44","3174","3395","55","6624"
"2014-05-31","2306","2828","0","0","13","1480","6193","2","308","0","124","44","3177","3395","55","6627"
"2014-06-07","2307","2828","0","0","13","1482","6195","2","309","0","124","44","3178","3397","55","6630"
"2014-06-14","2309","2829","0","0","13","1483","6199","2","309","0","124","44","3181","3398","55","6634"
"2014-06-21","2306","2831","0","0","13","1486","6202","2","308","0","124","44","3180","3401","55","6636"
"2014-06-28","2306","2829","0","0","13","1486","6200","2","308","0","124","44","3181","3398","55","6634"
"2014-07-05","2305","2828","0","0","13","1487","6200","2","308","0","123","44","3181","3397","55","6633"
"2014-07-12","2303","2829","0","0","13","1488","6199","2","309","0","123","44","3181","3397","55","6633"
"2014-07-15","2303","2827","0","0","13","1491","6200","2","309","0","123","44","3182","3397","55","6634"
"2014-07-19","2302","2826","0","0","13","1494","6201","2","309","0","123","44","3183","3397","55","6635"
"2014-07-26","2302","2826","0","0","13","1495","6202","2","309","0","123","44","3183","3398","55","6636"
"2014-08-02","2306","2824","0","0","13","1493","6202","2","309","0","123","44","3184","3397","55","6636"
"2014-08-09","2308","2827","0","0","13","1494","6208","2","309","0","123","44","3187","3400","55","6642"
"2014-08-16","2302","2823","0","0","14","1494","6199","2","309","0","123","44","3180","3398","55","6633"
"2014-08-23","2303","2826","0","0","14","1497","6206","2","309","0","123","44","3181","3404","55","6640"
"2014-08-30","2302","2825","0","0","14","1497","6204","2","309","0","123","44","3181","3402","55","6638"
"2014-09-06","2302","2826","0","0","14","1496","6204","2","309","0","123","44","3181","3402","55","6638"
"2014-09-13","2298","2826","0","0","14","1502","6206","2","309","0","123","44","3183","3402","55","6640"
"2014-09-20","2297","2826","0","0","14","1500","6204","2","309","0","122","44","3180","3402","55","6637"
"2014-09-27","2297","2829","0","0","14","1504","6209","2","311","0","122","44","3185","3404","55","6644"
"2014-10-04","2294","2835","0","0","14","1509","6215","2","313","0","122","44","3189","3408","55","6652"
"2014-10-11","2299","2830","0","0","14","1530","6230","3","316","0","124","45","3201","3417","55","6673"
"2014-10-18","2297","2828","0","0","15","1529","6224","3","317","0","125","45","3198","3416","55","6669"
"2014-10-25","2298","2829","0","0","15","1528","6225","3","317","0","125","45","3199","3416","55","6670"
"2014-11-01","2298","2829","0","0","15","1528","6225","3","317","0","125","45","3199","3416","55","6670"
"2014-11-04","2298","2829","0","0","15","1528","6225","3","317","0","125","45","3199","3416","55","6670"
"2014-11-08","2298","2829","0","0","15","1528","6225","3","317","0","125","45","3199","3416","55","6670"
"2014-11-15","2298","2828","0","0","15","1526","6222","3","317","0","125","45","3197","3415","55","6667"
"2014-11-22","2298","2830","0","0","16","1528","6221","3","317","0","131","45","3197","3414","61","6672"
"2014-11-29","2298","2830","0","0","16","1527","6220","3","317","0","131","45","3197","3413","61","6671"
"2014-12-06","2295","2835","0","0","18","1536","6235","3","319","0","127","45","3208","3419","57","6684"
"2014-12-13","2284","2824","0","0","18","1533","6210","3","319","0","127","45","3196","3406","57","6659"
"2014-12-20","2285","2823","0","0","18","1532","6209","3","319","0","127","45","3195","3406","57","6658"
"2014-12-27","2285","2823","0","0","18","1534","6209","3","320","0","128","45","3196","3407","57","6660"
"2015-01-03","2285","2823","0","0","19","1533","6209","3","320","0","128","45","3196","3407","57","6660"
"2015-01-10","2172","2704","0","0","19","1457","5911","3","314","0","124","43","3044","3251","57","6352"
"2015-01-17","2172","2702","0","0","19","1454","5907","3","313","0","124","43","3039","3251","57","6347"
"2015-01-24","2172","2701","0","0","19","1454","5906","3","313","0","124","43","3038","3251","57","6346"
"2015-01-31","2171","2700","0","0","19","1456","5907","3","313","0","123","43","3036","3254","56","6346"
"2015-02-07","2171","2700","0","0","19","1456","5907","3","313","0","123","43","3036","3254","56","6346"
"2015-02-14","2167","2696","0","0","19","1458","5899","3","314","0","124","42","3035","3249","56","6340"
"2015-02-21","2167","2696","0","0","19","1458","5899","3","314","0","124","42","3035","3249","56","6340"
"2015-02-28","2167","2696","0","0","19","1460","5901","3","314","0","124","42","3036","3250","56","6342"
"2015-03-07","2167","2696","0","0","19","1460","5901","3","314","0","124","42","3036","3250","56","6342"
"2015-03-14","2164","2694","0","0","19","1457","5894","3","313","0","124","42","3029","3249","56","6334"
"2015-03-21","2164","2694","0","0","19","1460","5897","3","313","0","124","42","3030","3251","56","6337"
"2015-03-29","2164","2693","0","0","19","1459","5895","3","313","0","124","42","3028","3251","56","6335"
"2015-04-04","2163","2693","0","0","19","1461","5896","3","313","0","124","42","3028","3252","56","6336"
"2015-04-11","2162","2692","0","0","19","1465","5897","3","314","0","124","42","3027","3255","56","6338"
"2015-04-18","2162","2692","0","0","19","1466","5898","3","314","0","124","42","3028","3255","56","6339"
"2015-04-25","2155","2687","0","0","19","1461","5882","3","314","0","123","42","3021","3245","56","6322"
"2015-05-02","2156","2686","0","0","19","1461","5882","3","314","0","123","42","3021","3245","56","6322"
"2015-05-09","2157","2684","0","0","19","1460","5880","3","314","0","123","42","3021","3243","56","6320"
"2015-05-12","2156","2685","0","0","19","1459","5879","3","314","0","123","42","3021","3242","56","6319"
"2015-05-16","2155","2682","0","0","19","1456","5872","3","314","0","123","42","3017","3239","56","6312"
"2015-05-23","2156","2683","0","0","19","1456","5874","3","314","0","123","42","3017","3241","56","6314"
"2015-05-30","2156","2682","0","0","19","1457","5874","3","314","0","123","42","3017","3241","56","6314"
"2015-06-06","2156","2683","0","0","19","1456","5873","3","314","0","124","42","3017","3240","57","6314"
"2015-06-13","2148","2671","0","0","19","1452","5851","3","313","0","123","42","3002","3231","57","6290"
"2015-06-20","2144","2671","0","0","19","1451","5847","3","313","0","122","42","3000","3229","56","6285"
"2015-06-27","2144","2673","0","0","19","1453","5847","3","314","0","125","42","3001","3229","59","6289"
"2015-07-04","2142","2676","0","0","19","1455","5850","3","314","0","125","42","3002","3231","59","6292"
"2015-07-11","2138","2675","0","0","19","1455","5845","3","314","0","125","42","2999","3229","59","6287"
"2015-07-18","2138","2676","0","0","19","1452","5843","3","314","0","125","42","2998","3228","59","6285"
"2015-07-25","2138","2675","0","0","19","1452","5842","3","314","0","125","42","2998","3227","59","6284"
"2015-08-01","2136","2674","0","0","19","1453","5839","3","315","0","125","42","2998","3225","59","6282"
"2015-08-08","2138","2677","0","0","19","1457","5847","3","315","0","126","42","3002","3230","59","6291"
"2015-08-15","2134","2678","0","0","19","1458","5845","3","315","0","126","42","3000","3230","59","6289"
"2015-08-22","2134","2678","0","0","19","1457","5843","3","315","0","127","42","2999","3230","59","6288"
"2015-08-29","2134","2679","0","0","19","1459","5846","3","315","0","127","42","2999","3233","59","6291"
"2015-09-05","2132","2683","0","0","19","1462","5851","3","315","0","127","42","3003","3234","59","6296"
"2015-09-12","2131","2684","0","0","19","1462","5851","3","315","0","127","42","3004","3233","59","6296"
"2015-09-15","2131","2684","0","0","19","1462","5851","3","315","0","127","42","3004","3233","59","6296"
"2015-09-19","2130","2685","0","0","19","1462","5851","3","315","0","127","42","3004","3233","59","6296"
"2015-09-26","2123","2684","0","0","19","1461","5842","3","315","0","127","42","3002","3226","59","6287"
"2015-10-03","2123","2686","0","0","19","1460","5843","3","315","0","127","42","3002","3227","59","6288"
"2015-10-06","2124","2687","0","0","19","1460","5844","3","315","0","128","42","3002","3228","60","6290"
"2015-10-10","2124","2695","0","0","19","1463","5850","3","315","0","133","42","3008","3231","62","6301"
"2015-10-17","2126","2708","0","0","19","1474","5877","3","315","0","132","42","3026","3240","61","6327"
"2015-10-24","2127","2710","0","0","19","1474","5880","3","315","0","132","42","3027","3242","61","6330"
"2015-10-31","2124","2707","0","0","19","1476","5877","3","314","0","132","42","3026","3239","61","6326"
"2015-11-03","2123","2706","0","0","19","1476","5875","3","314","0","132","42","3026","3237","61","6324"
"2015-11-07","2121","2706","0","0","19","1475","5872","3","314","0","132","42","3026","3234","61","6321"
"2015-11-14","2119","2712","0","0","19","1477","5875","3","314","0","135","42","3027","3236","64","6327"
"2015-11-21","2114","2712","0","0","19","1476","5869","3","314","0","135","42","3026","3231","64","6321"
"2015-11-28","2114","2713","0","0","19","1478","5871","3","315","0","135","42","3026","3234","64","6324"
"2015-12-05","2114","2712","0","0","19","1478","5870","3","315","0","135","42","3024","3235","64","6323"
"2015-12-12","2106","2705","0","0","19","1479","5856","3","315","0","135","42","3018","3227","64","6309"
"2015-12-19","2106","2706","0","0","19","1481","5859","3","315","0","135","42","3020","3228","64","6312"
"2015-12-26","2107","2707","0","0","19","1481","5860","3","315","0","136","42","3021","3229","64","6314"
"2016-01-01","2105","2705","0","0","19","1485","5859","3","315","0","137","42","3020","3229","65","6314"
"2016-01-02","2105","2705","0","0","19","1485","5859","3","315","0","137","42","3020","3229","65","6314"
"2016-01-09","2095","2709","0","0","19","1493","5860","3","315","0","138","42","3020","3230","66","6316"
"2016-01-16","2093","2709","0","0","19","1496","5860","3","315","0","139","42","3023","3228","66","6317"
"2016-01-23","2095","2709","0","0","19","1496","5862","3","315","0","139","42","3025","3228","66","6319"
"2016-01-30","2090","2711","0","0","19","1498","5860","3","315","0","140","42","3025","3226","67","6318"
"2016-02-06","2090","2717","0","0","19","1502","5868","3","317","0","140","42","3028","3232","68","6328"
"2016-02-13","2090","2715","0","0","19","1502","5865","3","317","0","141","42","3028","3230","68","6326"
"2016-02-20","2081","2722","0","0","20","1518","5879","4","317","0","141","42","3033","3239","69","6341"
"2016-02-27","2078","2724","0","0","20","1516","5876","4","317","0","141","42","3034","3235","69","6338"
"2016-03-05","2079","2727","0","0","20","1517","5881","4","317","0","141","42","3037","3237","69","6343"
"2016-03-12","2078","2723","0","0","20","1519","5876","4","317","0","143","43","3036","3233","71","6340"
"2016-03-15","2078","2724","0","0","20","1519","5877","4","317","0","143","43","3037","3233","71","6341"
"2016-03-19","2078","2724","0","0","20","1519","5877","4","317","0","143","43","3037","3233","71","6341"
"2016-03-26","2081","2734","0","0","20","1522","5893","4","316","0","144","43","3047","3238","72","6357"
"2016-04-02","2073","2743","0","0","20","1532","5902","4","317","0","145","43","3052","3243","73","6368"
"2016-04-09","2073","2745","0","0","20","1532","5905","4","315","0","146","43","3054","3243","73","6370"
"2016-04-16","2072","2745","0","0","19","1535","5906","4","315","0","146","43","3056","3242","73","6371"
"2016-04-23","2071","2748","0","0","19","1538","5911","4","315","0","146","43","3058","3246","72","6376"
"2016-04-30","2065","2741","0","0","19","1538","5901","4","312","0","146","43","3051","3240","72","6363"
"2016-05-07","2058","2743","0","0","19","1541","5900","4","311","0","146","43","3050","3239","72","6361"
"2016-05-14","2056","2745","0","0","20","1545","5905","4","311","0","146","43","3053","3241","72","6366"
"2016-05-21","2047","2742","0","0","19","1538","5886","4","310","0","146","43","3038","3236","72","6346"
"2016-05-28","2046","2742","0","0","19","1538","5885","4","310","0","146","43","3037","3236","72","6345"
"2016-06-04","2044","2742","0","0","19","1538","5884","4","309","0","146","43","3037","3234","72","6343"
"2016-06-07","2044","2739","0","0","19","1538","5881","4","309","0","146","43","3036","3232","72","6340"
"2016-06-11","2044","2739","0","0","19","1538","5881","4","309","0","146","43","3036","3232","72","6340"
"2016-06-18","2048","2751","0","0","18","1541","5899","4","308","0","147","45","3048","3239","71","6358"
"2016-06-25","2043","2749","0","0","18","1541","5892","4","308","0","147","45","3046","3234","71","6351"
"2016-07-02","2042","2749","0","0","18","1544","5894","4","308","0","147","45","3048","3234","71","6353"
"2016-07-09","2038","2747","0","0","18","1545","5889","4","308","0","147","45","3047","3230","71","6348"
"2016-07-16","2037","2748","0","0","18","1542","5886","4","308","0","147","45","3042","3232","71","6345"
"2016-07-23","2037","2750","0","0","18","1541","5887","4","308","0","147","45","3042","3233","71","6346"
"2016-07-30","2033","2754","0","0","18","1544","5890","4","308","0","147","45","3042","3236","71","6349"
"2016-08-06","2032","2753","0","0","18","1546","5890","4","308","0","147","45","3045","3233","71","6349"
"2016-08-13","2031","2751","0","0","18","1548","5890","4","308","0","146","45","3047","3230","71","6348"
"2016-08-20","2029","2752","0","0","18","1546","5887","4","309","0","145","45","3044","3231","70","6345"
"2016-08-27","2027","2754","0","0","18","1548","5889","4","309","0","145","45","3044","3233","70","6347"
"2016-09-03","2029","2758","0","0","18","1551","5898","4","309","0","145","45","3046","3240","70","6356"
"2016-09-10","2029","2757","0","0","18","1553","5898","4","310","0","145","45","3047","3240","70","6357"
"2016-09-17","2024","2760","0","0","18","1555","5898","4","310","0","145","44","3048","3239","70","6357"
"2016-09-24","2023","2765","0","0","18","1558","5905","4","310","0","145","44","3053","3241","70","6364"
"2016-10-01","2020","2777","0","0","18","1561","5917","4","311","0","144","44","3063","3244","69","6376"
"2016-10-08","2020","2786","0","0","17","1568","5931","4","311","0","145","44","3067","3255","69","6391"
"2016-10-15","2006","2787","0","0","17","1573","5923","4","312","0","144","44","3063","3252","68","6383"
"2016-10-22","2006","2787","0","0","17","1578","5929","4","312","0","143","44","3066","3254","68","6388"
"2016-10-29","2005","2796","0","0","17","1584","5942","4","312","0","144","45","3070","3264","68","6402"
"2016-11-05","2013","2806","0","0","17","1593","5968","4","312","0","145","45","3080","3281","68","6429"
"2016-11-08","2015","2808","0","0","17","1594","5974","4","311","0","145","45","3083","3283","68","6434"
"2016-11-12","2015","2808","0","0","17","1593","5973","4","311","0","145","45","3083","3282","68","6433"
"2016-11-19","2013","2803","0","0","17","1592","5965","4","311","0","145","45","3076","3281","68","6425"
"2016-11-26","2013","2801","0","0","17","1591","5962","4","311","0","145","45","3074","3280","68","6422"
"2016-12-03","2016","2816","0","0","19","1600","5989","4","313","0","145","45","3097","3286","68","6451"
"2016-12-10","2016","2816","0","0","19","1598","5986","4","314","0","145","45","3097","3284","68","6449"
"2016-12-17","2015","2813","0","0","18","1598","5981","4","314","0","145","45","3093","3284","67","6444"
"2016-12-24","2015","2815","0","0","18","1600","5984","4","314","0","146","45","3095","3286","67","6448"
"2016-12-31","2016","2817","0","0","18","1600","5986","4","315","0","146","45","3097","3287","67","6451"
"2017-01-01","2016","2817","0","0","18","1600","5986","4","315","0","146","45","3097","3287","67","6451"
"2017-01-07","1945","2760","0","0","17","1539","5809","4","308","0","140","42","3005","3191","65","6261"
"2017-01-14","1944","2760","0","0","17","1539","5808","4","308","0","140","42","3005","3190","65","6260"
"2017-01-21","1939","2761","0","0","17","1539","5807","4","305","0","140","42","3002","3189","65","6256"
"2017-01-28","1938","2756","0","0","17","1537","5800","4","305","0","139","42","2999","3184","65","6248"
"2017-02-04","1938","2755","0","0","17","1541","5802","4","305","0","140","41","3002","3183","66","6251"
"2017-02-11","1935","2757","0","0","17","1542","5801","4","306","0","140","40","3003","3182","66","6251"
"2017-02-18","1928","2759","0","0","17","1544","5799","4","305","0","140","40","3000","3182","66","6248"
"2017-02-25","1924","2758","0","0","17","1546","5796","4","305","0","140","40","2999","3180","66","6245"
"2017-03-04","1925","2758","0","0","17","1548","5799","4","305","0","140","40","3001","3181","66","6248"
"2017-03-11","1925","2758","0","0","17","1552","5804","4","305","0","139","40","3002","3185","65","6252"
"2017-03-18","1920","2756","0","0","17","1553","5799","4","305","0","138","40","2997","3184","65","6246"
"2017-03-25","1923","2758","0","0","17","1556","5805","4","306","0","139","41","2999","3190","65","6254"
"2017-04-01","1924","2757","0","0","17","1560","5809","4","306","0","139","41","3002","3191","65","6258"
"2017-04-08","1924","2758","0","0","17","1561","5811","4","306","0","139","41","3003","3192","65","6260"
"2017-04-15","1924","2756","0","0","17","1559","5808","4","305","0","139","41","3000","3191","65","6256"
"2017-04-22","1923","2758","0","0","17","1562","5812","4","305","0","139","41","3000","3195","65","6260"
"2017-04-29","1922","2758","0","0","17","1564","5813","4","305","0","139","41","3000","3196","65","6261"
"2017-05-06","1923","2757","0","0","17","1565","5814","4","305","0","139","41","3002","3195","65","6262"
"2017-05-13","1922","2754","0","0","18","1569","5816","4","304","0","139","41","3003","3195","65","6263"
"2017-05-20","1920","2754","0","0","18","1569","5814","4","304","0","139","41","3002","3194","65","6261"
"2017-05-27","1919","2755","0","0","18","1566","5812","4","304","0","138","41","3000","3193","65","6258"
"2017-06-03","1919","2757","0","0","19","1568","5817","4","304","0","138","41","3001","3197","65","6263"
"2017-06-10","1921","2759","0","0","20","1570","5823","4","305","0","138","41","3004","3201","65","6270"
"2017-06-17","1920","2758","0","0","20","1572","5823","4","305","0","138","41","3003","3202","65","6270"
"2017-06-24","1921","2758","0","0","20","1571","5823","4","305","0","138","41","3005","3200","65","6270"
"2017-07-01","1920","2759","0","0","20","1571","5824","4","304","0","138","41","3006","3199","65","6270"
"2017-07-08","1923","2760","0","0","20","1571","5827","4","304","0","139","42","3009","3200","65","6274"
"2017-07-15","1922","2760","0","0","20","1573","5828","4","304","0","139","42","3010","3200","65","6275"
"2017-07-22","1922","2761","0","0","20","1574","5830","4","304","0","139","42","3012","3200","65","6277"
"2017-07-29","1923","2763","0","0","20","1578","5837","4","304","0","139","42","3016","3203","65","6284"
"2017-08-05","1925","2763","0","0","20","1579","5839","4","305","0","139","42","3018","3204","65","6287"
"2017-08-12","1924","2761","0","0","20","1580","5837","4","305","0","139","42","3017","3203","65","6285"
"2017-08-19","1922","2761","0","0","20","1579","5833","4","306","0","139","42","3016","3201","65","6282"
"2017-08-26","1924","2765","0","0","20","1580","5839","4","307","0","139","42","3020","3204","65","6289"
"2017-09-02","1924","2767","0","0","20","1582","5843","4","307","0","139","42","3021","3207","65","6293"
"2017-09-09","1921","2767","0","0","20","1582","5840","4","307","0","139","42","3019","3206","65","6290"
"2017-09-12","1921","2769","0","0","20","1581","5841","4","307","0","139","42","3020","3206","65","6291"
"2017-09-16","1920","2765","0","0","20","1581","5835","4","308","0","139","42","3020","3201","65","6286"
"2017-09-23","1920","2768","0","0","20","1581","5838","4","308","0","139","42","3021","3203","65","6289"
"2017-09-30","1917","2774","0","0","20","1585","5844","4","308","0","140","42","3023","3208","65","6296"
"2017-10-07","1917","2779","0","0","19","1589","5851","4","308","0","141","42","3026","3213","65","6304"
"2017-10-10","1917","2782","0","0","19","1590","5854","4","308","0","142","42","3030","3213","65","6308"
"2017-10-14","1915","2779","0","0","19","1591","5850","4","308","0","142","42","3028","3211","65","6304"
"2017-10-21","1913","2778","0","0","20","1590","5847","4","309","0","141","42","3025","3211","65","6301"
"2017-10-28","1915","2783","0","0","20","1591","5855","4","309","0","141","42","3029","3215","65","6309"
"2017-11-04","1916","2783","0","0","20","1593","5857","4","310","0","141","42","3030","3217","65","6312"
"2017-11-07","1916","2783","0","0","20","1593","5857","4","310","0","141","42","3030","3217","65","6312"
"2017-11-11","1916","2786","0","0","20","1595","5862","4","310","0","141","42","3032","3220","65","6317"
"2017-11-18","1914","2784","0","0","20","1597","5859","4","309","0","143","42","3032","3218","65","6315"
"2017-11-25","1914","2782","0","0","20","1599","5859","4","309","0","143","42","3032","3218","65","6315"
"2017-12-02","1913","2782","0","0","20","1599","5859","4","308","0","143","42","3030","3219","65","6314"
"2017-12-09","1913","2781","0","0","20","1599","5858","4","308","0","143","42","3029","3219","65","6313"
"2017-12-16","1907","2778","0","0","20","1597","5847","4","308","0","143","42","3024","3213","65","6302"
"2017-12-23","1907","2780","0","0","20","1597","5848","4","308","0","144","42","3024","3215","65","6304"
"2017-12-30","1907","2781","0","0","20","1598","5850","4","308","0","144","42","3025","3216","65","6306"
"2018-01-01","1907","2781","0","0","20","1598","5850","4","308","0","144","42","3025","3216","65","6306"
"2018-01-06","1907","2784","0","0","20","1598","5853","4","308","0","144","42","3026","3218","65","6309"
"2018-01-13","1904","2782","0","0","20","1599","5849","4","308","0","144","42","3024","3216","65","6305"
"2018-01-20","1904","2781","0","0","20","1598","5847","4","308","0","144","42","3024","3214","65","6303"
"2018-01-27","1898","2776","0","0","20","1595","5834","4","308","0","143","42","3017","3208","64","6289"
"2018-02-03","1897","2775","0","0","20","1594","5832","4","307","0","143","42","3015","3207","64","6286"
"2018-02-10","1897","2776","0","0","20","1594","5833","4","307","0","143","42","3016","3207","64","6287"
"2018-02-17","1897","2781","0","0","20","1593","5838","3","307","0","143","42","3020","3207","64","6291"
"2018-02-24","1896","2783","0","0","20","1601","5846","3","308","0","143","42","3023","3213","64","6300"
"2018-03-03","1894","2785","0","0","20","1607","5850","4","308","0","144","43","3028","3214","64","6306"
"2018-03-10","1896","2791","0","0","20","1612","5861","4","310","0","144","43","3034","3221","64","6319"
"2018-03-17","1896","2800","0","0","20","1614","5870","4","312","0","144","43","3041","3225","64","6330"
"2018-03-24","1896","2800","0","0","20","1613","5869","4","312","0","144","43","3041","3224","64","6329"
"2018-03-31","1900","2803","0","0","20","1620","5879","4","316","0","144","43","3050","3229","64","6343"
"2018-04-07","1900","2806","0","0","20","1624","5887","4","315","0","144","43","3054","3232","64","6350"
"2018-04-14","1897","2804","0","0","20","1634","5890","4","315","0","146","43","3057","3234","64","6355"
"2018-04-21","1898","2803","0","0","20","1638","5892","4","317","0","146","43","3057","3238","64","6359"
"2018-04-28","1898","2803","0","0","20","1641","5895","4","317","0","146","43","3058","3240","64","6362"
"2018-05-05","1898","2809","0","0","21","1645","5906","4","317","0","146","43","3064","3245","64","6373"
"2018-05-08","1898","2810","0","0","21","1645","5907","4","317","0","146","43","3065","3245","64","6374"
"2018-05-12","1901","2819","0","0","21","1648","5922","4","317","0","146","43","3075","3250","64","6389"
"2018-05-19","1901","2820","0","0","21","1651","5926","4","317","0","146","43","3076","3253","64","6393"
"2018-05-26","1901","2829","0","0","26","1662","5950","4","318","0","146","43","3088","3266","64","6418"
"2018-06-02","1896","2822","0","0","26","1657","5932","4","318","0","147","43","3075","3262","64","6401"
"2018-06-09","1897","2820","0","0","26","1658","5932","4","318","0","147","43","3076","3261","64","6401"
"2018-06-16","1894","2818","0","0","26","1658","5927","4","318","0","147","43","3072","3260","64","6396"
"2018-06-23","1894","2816","0","0","26","1659","5926","4","318","0","147","43","3073","3258","64","6395"
"2018-06-26","1894","2818","0","0","26","1659","5928","4","318","0","147","43","3074","3259","64","6397"
"2018-06-30","1893","2816","0","0","26","1658","5924","4","318","0","147","43","3071","3258","64","6393"
"2018-07-07","1894","2819","0","0","26","1658","5928","4","318","0","147","43","3073","3260","64","6397"
"2018-07-14","1891","2819","0","0","26","1662","5929","4","318","0","147","43","3072","3262","64","6398"
"2018-07-21","1892","2823","0","0","26","1663","5935","4","318","0","147","43","3075","3265","64","6404"
"2018-07-28","1892","2823","0","0","26","1662","5934","4","318","0","147","43","3075","3264","64","6403"
"2018-08-04","1892","2824","0","0","27","1663","5936","4","319","0","147","43","3076","3266","64","6406"
"2018-08-11","1892","2825","0","0","27","1665","5939","4","319","0","147","43","3079","3266","64","6409"
"2018-08-18","1891","2820","0","0","27","1667","5934","4","319","0","148","43","3074","3267","64","6405"
"2018-08-25","1891","2825","0","0","27","1664","5935","4","319","0","149","43","3075","3267","65","6407"
"2018-09-01","1890","2825","0","0","26","1669","5937","4","319","0","150","43","3077","3267","66","6410"
"2018-09-08","1888","2829","0","0","26","1665","5934","4","319","0","151","43","3076","3266","66","6408"
"2018-09-15","1887","2830","0","0","26","1667","5936","4","319","0","151","43","3078","3266","66","6410"
"2018-09-22","1880","2825","0","0","26","1664","5925","4","316","0","150","43","3069","3260","66","6395"
"2018-09-29","1881","2825","0","0","26","1667","5929","4","316","0","150","43","3070","3263","66","6399"
"2018-10-06","1884","2832","0","0","26","1670","5943","4","316","0","149","43","3075","3271","66","6412"
"2018-10-13","1881","2835","0","0","26","1682","5957","4","314","0","149","43","3082","3276","66","6424"
"2018-10-20","1880","2834","0","0","26","1684","5956","4","314","0","150","43","3082","3275","67","6424"
"2018-10-27","1881","2838","0","0","26","1688","5965","4","313","0","151","43","3087","3279","67","6433"
"2018-11-03","1884","2841","0","0","26","1689","5972","4","313","0","151","43","3091","3282","67","6440"
"2018-11-06","1884","2844","0","0","26","1689","5975","4","313","0","151","43","3094","3282","67","6443"
"2018-11-10","1884","2844","0","0","26","1689","5975","4","313","0","151","43","3094","3282","67","6443"
"2018-11-17","1886","2847","0","0","26","1692","5983","4","313","0","151","43","3099","3285","67","6451"
"2018-11-24","1885","2857","0","0","26","1691","5992","4","313","0","150","43","3102","3290","67","6459"
"2018-12-01","1879","2852","0","0","26","1693","5982","4","314","0","150","43","3095","3288","67","6450"
"2018-12-08","1877","2853","0","0","26","1695","5984","4","313","0","150","43","3096","3288","67","6451"
"2018-12-15","1866","2849","0","0","26","1696","5970","4","313","0","150","43","3090","3280","67","6437"
"2018-12-22","1865","2849","0","0","26","1696","5969","4","313","0","150","43","3090","3279","67","6436"
"2018-12-29","1865","2849","0","0","26","1696","5969","4","313","0","150","43","3090","3279","67","6436"
"2019-01-01","1865","2849","0","0","26","1696","5969","4","313","0","150","43","3090","3279","67","6436"
"2019-01-05","1565","2569","0","0","25","1433","5213","3","264","0","112","19","2677","2857","58","5592"
"2019-01-12","1567","2571","0","0","25","1431","5216","3","264","0","111","19","2678","2858","58","5594"
"2019-01-19","1565","2575","0","0","25","1435","5220","3","264","0","113","19","2680","2860","60","5600"
"2019-01-26","1561","2576","0","0","25","1439","5221","3","264","0","113","19","2680","2861","60","5601"
"2019-01-29","1561","2572","0","0","25","1436","5214","3","264","0","113","19","2674","2860","60","5594"
"2019-02-02","1559","2574","0","0","25","1438","5215","3","264","0","114","19","2673","2862","61","5596"
"2019-02-09","1554","2575","0","0","25","1441","5216","3","263","0","113","19","2674","2861","60","5595"
"2019-02-16","1553","2573","0","0","25","1446","5217","3","264","0","113","19","2673","2863","61","5597"
"2019-02-23","1550","2575","0","0","25","1450","5220","3","264","0","113","19","2673","2866","61","5600"
"2019-03-02","1543","2583","0","0","25","1455","5227","3","263","0","113","19","2675","2870","61","5606"
"2019-03-09","1540","2587","0","0","25","1463","5236","3","263","0","113","19","2679","2875","61","5615"
"2019-03-16","1537","2585","0","0","25","1470","5240","3","262","0","112","19","2678","2879","60","5617"
"2019-03-23","1538","2587","0","0","25","1473","5245","3","262","0","113","19","2681","2881","61","5623"
"2019-03-30","1538","2588","0","0","25","1476","5248","3","263","0","113","19","2683","2883","61","5627"
"2019-04-06","1535","2587","0","0","25","1480","5248","3","263","0","113","19","2684","2882","61","5627"
"2019-04-13","1534","2589","0","0","25","1481","5250","3","263","0","113","19","2685","2883","61","5629"
"2019-04-20","1535","2590","0","1","26","1489","5262","3","263","0","113","19","2690","2890","61","5641"
"2019-04-27","1533","2596","0","1","26","1489","5264","3","264","0","114","19","2692","2892","61","5645"
"2019-04-30","1533","2596","0","1","26","1489","5264","3","264","0","114","19","2692","2892","61","5645"
"2019-05-04","1533","2593","0","1","26","1486","5258","3","264","0","114","19","2689","2889","61","5639"
"2019-05-11","1533","2594","0","1","26","1488","5261","3","264","0","114","19","2689","2892","61","5642"
"2019-05-14","1532","2595","0","1","26","1490","5263","3","264","0","114","19","2688","2895","61","5644"
"2019-05-18","1532","2597","0","1","26","1490","5265","3","264","0","114","19","2689","2896","61","5646"
"2019-05-25","1531","2599","0","1","26","1490","5265","3","264","0","115","20","2690","2896","61","5647"
"2019-06-01","1530","2605","0","1","26","1494","5274","3","264","0","115","20","2696","2899","61","5656"
"2019-06-08","1530","2610","0","1","26","1496","5279","3","266","0","115","20","2702","2900","61","5663"
"2019-06-15","1529","2612","0","1","26","1497","5281","3","266","0","115","20","2703","2901","61","5665"
"2019-06-22","1528","2618","0","1","26","1498","5287","3","266","0","115","20","2707","2903","61","5671"
"2019-06-29","1527","2616","0","1","26","1494","5280","3","266","0","115","20","2703","2900","61","5664"
"2019-07-06","1522","2619","0","1","26","1498","5282","3","266","0","115","20","2703","2902","61","5666"
"2019-07-09","1525","2618","0","1","27","1498","5285","3","266","0","115","20","2704","2904","61","5669"
"2019-07-13","1524","2615","0","1","27","1498","5282","3","265","0","115","20","2701","2903","61","5665"
"2019-07-20","1522","2621","0","1","26","1501","5287","3","266","0","115","20","2704","2906","61","5671"
"2019-07-23","1522","2620","0","1","26","1501","5286","3","266","0","115","20","2704","2905","61","5670"
"2019-07-27","1520","2621","0","1","26","1498","5283","3","265","0","115","20","2704","2901","61","5666"
"2019-08-03","1519","2624","0","1","26","1499","5285","3","266","0","115","20","2705","2903","61","5669"
"2019-08-10","1515","2632","0","1","26","1506","5295","3","266","0","116","20","2713","2906","61","5680"
"2019-08-17","1511","2628","0","1","26","1506","5287","3","266","0","116","20","2708","2903","61","5672"
"2019-08-24","1511","2628","0","1","26","1505","5286","3","266","0","116","20","2708","2902","61","5671"
"2019-08-31","1510","2632","0","1","26","1509","5293","3","266","0","116","20","2714","2903","61","5678"
"2019-09-07","1508","2636","0","1","26","1513","5299","3","266","0","116","20","2715","2908","61","5684"
"2019-09-10","1508","2636","0","1","26","1515","5301","3","266","0","116","20","2715","2910","61","5686"
"2019-09-14","1507","2634","0","1","26","1516","5299","3","266","0","116","20","2713","2910","61","5684"
"2019-09-21","1506","2633","0","1","26","1524","5304","3","266","0","117","20","2716","2912","62","5690"
"2019-09-28","1507","2632","0","1","26","1525","5305","3","266","0","117","20","2716","2913","62","5691"
"2019-10-05","1506","2634","0","1","26","1529","5310","3","266","0","117","20","2718","2916","62","5696"
"2019-10-08","1505","2635","0","1","26","1530","5311","3","266","0","117","20","2719","2916","62","5697"
"2019-10-12","1503","2632","0","1","26","1530","5306","3","266","0","117","20","2714","2916","62","5692"
"2019-10-19","1502","2633","0","1","26","1532","5307","3","267","0","117","20","2717","2915","62","5694"
"2019-10-26","1502","2633","0","1","26","1532","5307","3","267","0","117","20","2717","2915","62","5694"
"2019-11-02","1502","2633","0","1","26","1532","5307","3","267","0","117","20","2717","2915","62","5694"
"2019-11-05","1502","2633","0","1","26","1532","5307","3","267","0","117","20","2717","2915","62","5694"
"2019-11-09","1502","2633","0","1","26","1531","5306","3","267","0","117","20","2717","2914","62","5693"
"2019-11-16","1499","2630","0","1","26","1529","5298","3","267","0","117","20","2713","2910","62","5685"
"2019-11-23","1497","2629","0","1","26","1528","5294","3","267","0","117","20","2711","2908","62","5681"
"2019-11-30","1497","2629","0","1","26","1528","5294","3","267","0","117","20","2711","2908","62","5681"
"2019-12-07","1497","2638","0","1","26","1541","5312","3","268","0","120","20","2721","2918","64","5703"
"2019-12-14","1502","2642","0","1","26","1558","5336","3","267","0","123","20","2734","2931","64","5729"
"2019-12-21","1502","2642","0","1","26","1558","5336","3","267","0","123","20","2734","2931","64","5729"
"2019-12-28","1502","2642","0","1","26","1558","5336","3","267","0","123","20","2734","2931","64","5729"
"2020-01-01","1503","2644","0","1","26","1560","5338","3","267","0","126","20","2736","2932","66","5734"
"2020-01-04","1503","2644","0","1","26","1560","5338","3","267","0","126","20","2736","2932","66","5734"
"2020-01-11","1502","2648","0","2","26","1561","5340","3","268","0","128","20","2736","2935","68","5739"
"2020-01-18","1502","2654","0","2","26","1566","5349","3","268","0","130","20","2741","2941","68","5750"
"2020-01-25","1503","2665","0","2","26","1575","5368","4","268","0","131","20","2747","2955","69","5771"
"2020-02-01","1503","2661","0","2","26","1575","5364","4","268","0","131","20","2746","2952","69","5767"
"2020-02-08","1495","2679","0","2","26","1594","5386","4","270","0","136","19","2755","2971","70","5796"
"2020-02-15","1495","2680","0","2","26","1594","5388","4","269","0","136","19","2756","2971","70","5797"
"2020-02-25","1497","2681","0","2","26","1597","5394","4","269","0","136","19","2759","2974","70","5803"
"2020-02-29","1498","2682","0","2","26","1597","5396","4","269","0","136","19","2761","2974","70","5805"
"2020-03-03","1499","2685","0","2","26","1596","5399","4","269","0","136","19","2764","2974","70","5808"
"2020-03-07","1499","2685","0","2","26","1596","5399","4","269","0","136","19","2764","2974","70","5808"
"2020-03-14","1498","2688","0","2","26","1596","5402","4","268","0","136","19","2764","2976","70","5810"
"2020-03-21","1496","2686","0","2","26","1593","5395","4","268","0","136","19","2762","2971","70","5803"
"2020-03-28","1496","2686","0","2","26","1593","5395","4","268","0","136","19","2762","2971","70","5803"
"2020-04-04","1496","2686","0","2","26","1593","5395","4","268","0","136","19","2762","2971","70","5803"
"2020-04-11","1496","2685","0","2","26","1593","5395","4","268","0","135","18","2761","2971","70","5802"
"2020-04-18","1496","2685","0","2","26","1593","5395","4","268","0","135","18","2761","2971","70","5802"
"2020-04-25","1496","2684","0","2","26","1593","5394","4","268","0","135","18","2761","2970","70","5801"
"2020-05-02","1496","2684","0","2","26","1592","5393","4","268","0","135","18","2760","2970","70","5800"
"2020-05-09","1496","2684","0","2","26","1592","5393","4","268","0","135","18","2760","2970","70","5800"
"2020-05-16","1490","2678","0","2","26","1590","5380","4","267","0","135","18","2752","2964","70","5786"
"2020-05-23","1490","2678","0","2","26","1590","5380","4","267","0","135","18","2752","2964","70","5786"
"2020-05-30","1490","2678","0","2","26","1590","5380","4","267","0","135","18","2752","2964","70","5786"
"2020-06-06","1490","2678","0","2","26","1590","5380","4","267","0","135","18","2752","2964","70","5786"
"2020-06-13","1490","2678","0","2","26","1590","5380","4","267","0","135","18","2752","2964","70","5786"
"2020-06-20","1490","2678","0","2","26","1590","5380","4","267","0","135","18","2752","2964","70","5786"
"2020-06-23","1490","2678","0","2","26","1590","5380","4","267","0","135","18","2752","2964","70","5786"
"2020-06-27","1485","2666","0","2","26","1588","5363","4","266","0","134","18","2748","2950","69","5767"
"2020-07-04","1485","2665","0","2","26","1588","5362","4","266","0","134","18","2747","2950","69","5766"
"2020-07-11","1468","2729","0","3","26","1623","5419","4","267","0","159","19","2775","2980","94","5849"
"2020-07-18","1458","2727","0","3","26","1620","5404","4","266","0","160","19","2766","2973","95","5834"
"2020-07-25","1459","2731","0","3","26","1621","5408","4","266","0","162","19","2767","2978","95","5840"
"2020-08-01","1444","2748","0","4","25","1635","5420","4","266","0","166","19","2770","2987","99","5856"
"2020-08-08","1439","2762","0","4","24","1641","5432","4","266","0","168","20","2776","2995","99","5870"
"2020-08-15","1430","2767","0","4","22","1640","5425","4","265","0","169","20","2775","2988","100","5863"
"2020-08-22","1431","2774","0","4","22","1645","5435","4","266","0","171","20","2781","2994","101","5876"
"2020-08-29","1423","2784","0","6","21","1648","5430","4","266","0","182","20","2782","2989","111","5882"
"2020-09-05","1416","2803","0","6","21","1652","5442","4","266","0","186","20","2793","2993","112","5898"
"2020-09-12","1410","2818","0","6","21","1656","5452","4","266","0","189","20","2797","2999","115","5911"
"2020-09-19","1404","2828","0","6","21","1668","5465","4","266","0","192","21","2806","3003","118","5927"
"2020-09-26","1401","2848","0","6","21","1676","5480","4","267","0","201","21","2812","3013","127","5952"
"2020-10-03","1403","2859","0","6","21","1688","5492","4","267","0","214","21","2820","3017","140","5977"
"2020-10-10","1405","2883","0","6","23","1695","5514","4","266","1","227","21","2831","3028","153","6012"
"2020-10-17","1407","2890","0","6","24","1700","5513","4","265","1","244","21","2830","3028","169","6027"
"2020-10-24","1408","2889","0","6","24","1709","5513","4","266","1","252","21","2832","3032","172","6036"
"2020-10-31","1411","2907","0","6","24","1718","5534","5","268","1","258","22","2854","3038","174","6066"
"2020-11-03","1412","2915","0","6","24","1724","5541","5","270","1","264","22","2864","3040","177","6081"
"2020-11-07","1410","2924","0","6","24","1730","5553","5","270","1","265","22","2871","3045","178","6094"
"2020-11-14","1411","2956","0","6","24","1740","5585","5","275","1","271","24","2884","3072","181","6137"
"2020-11-21","1410","2960","0","6","24","1738","5585","5","275","1","272","24","2886","3070","182","6138"
"2020-11-28","1414","2971","0","6","24","1747","5606","5","276","1","274","24","2895","3081","186","6162"
"2020-12-05","1411","2966","0","6","23","1750","5600","5","275","1","275","24","2890","3080","186","6156"
"2020-12-12","1409","2956","0","6","23","1745","5581","5","276","1","276","24","2885","3066","188","6139"
"2020-12-19","1407","2956","0","6","24","1746","5581","5","276","1","276","24","2885","3066","188","6139"
"2020-12-26","1406","2958","0","6","24","1746","5581","5","276","1","277","23","2886","3066","188","6140"
"2021-01-01","1406","2954","0","6","24","1744","5576","5","276","1","276","23","2883","3063","188","6134"
"2021-01-02","1406","2954","0","6","24","1744","5576","5","276","1","276","23","2883","3063","188","6134"
"2021-01-09","1346","2853","0","6","25","1668","5351","5","268","1","273","19","2772","2934","192","5898"
"2021-01-16","1339","2854","0","6","26","1669","5347","5","267","1","274","19","2769","2932","193","5894"
"2021-01-23","1340","2854","0","6","26","1671","5349","5","267","1","275","19","2770","2933","194","5897"
"2021-01-30","1336","2858","0","6","26","1672","5349","5","267","1","276","19","2773","2930","195","5898"
"2021-02-06","1337","2861","0","6","26","1671","5352","5","267","1","276","19","2776","2930","195","5901"
"2021-02-13","1335","2863","0","6","26","1673","5354","5","267","1","276","19","2776","2932","195","5903"
"2021-02-20","1333","2870","0","6","26","1674","5359","5","267","1","277","19","2780","2934","195","5909"
"2021-02-27","1333","2869","0","6","26","1675","5359","5","267","1","277","19","2780","2934","195","5909"
"2021-03-06","1333","2872","0","6","26","1680","5364","5","267","1","280","19","2782","2937","198","5917"
"2021-03-13","1329","2868","0","6","26","1677","5354","5","265","1","281","19","2777","2930","199","5906"
"2021-03-20","1329","2868","0","6","26","1677","5354","5","265","1","281","19","2777","2929","200","5906"
"2021-03-27","1327","2867","0","6","26","1679","5350","5","265","1","284","19","2774","2928","203","5905"
"2021-04-03","1326","2870","0","6","26","1679","5350","5","265","1","286","19","2775","2928","204","5907"
"2021-04-10","1326","2870","0","6","26","1678","5350","5","265","1","285","19","2774","2928","204","5906"
"2021-04-17","1324","2864","0","7","26","1677","5339","5","266","1","287","20","2769","2924","205","5898"
"2021-04-24","1322","2860","0","8","26","1678","5335","5","266","1","287","20","2767","2922","205","5894"
"2021-05-01","1322","2860","0","8","26","1678","5335","5","266","1","287","20","2767","2922","205","5894"
"2021-05-08","1323","2860","0","8","26","1680","5337","5","266","1","288","20","2768","2924","205","5897"
"2021-05-15","1322","2862","1","8","26","1682","5338","5","266","1","291","20","2768","2925","208","5901"
"2021-05-22","1323","2863","1","8","26","1685","5343","5","266","1","291","20","2773","2925","208","5906"
"2021-05-29","1323","2866","1","8","26","1686","5346","5","266","1","292","20","2773","2928","209","5910"
"2021-06-05","1321","2866","1","8","26","1684","5342","5","266","1","292","20","2770","2927","209","5906"
"2021-06-12","1321","2866","1","8","26","1684","5342","5","266","1","292","20","2770","2927","209","5906"
"2021-06-19","1320","2864","0","0","27","1695","5340","5","265","1","295","21","2767","2930","209","5906"
"2021-06-26","1321","2877","0","0","27","1697","5353","5","266","1","297","21","2776","2934","212","5922"
"2021-07-03","1322","2876","0","0","27","1696","5352","5","266","1","297","21","2773","2936","212","5921"
"2021-07-10","1322","2879","0","0","27","1697","5355","5","266","1","298","21","2775","2937","213","5925"
"2021-07-17","1318","2879","0","0","27","1697","5351","5","266","1","298","21","2776","2932","213","5921"
"2021-07-24","1315","2880","0","0","26","1700","5350","5","266","1","299","21","2776","2932","213","5921"
"2021-07-31","1312","2881","0","0","26","1702","5352","5","264","1","299","20","2775","2933","213","5921"
"2021-08-07","1312","2881","0","0","26","1702","5351","5","264","1","300","20","2774","2934","213","5921"
"2021-08-14","1306","2872","0","0","26","1702","5336","5","263","1","301","20","2766","2926","214","5906"
"2021-08-21","1306","2873","0","0","26","1702","5338","5","263","1","300","20","2767","2926","214","5907"
"2021-08-28","1307","2877","0","0","26","1703","5344","5","263","1","300","20","2770","2929","214","5913"
"2021-09-04","1310","2890","0","0","27","1717","5368","6","263","1","306","21","2785","2941","218","5944"
"2021-09-11","1311","2890","0","0","27","1719","5369","6","264","1","307","21","2786","2943","218","5947"
"2021-09-18","1311","2891","0","0","27","1724","5426","6","265","1","255","21","2801","2971","181","5953"
"2021-09-25","1306","2894","0","0","27","1729","5429","6","264","1","256","21","2800","2973","183","5956"
"2021-10-02","1306","2899","0","0","27","1734","5438","6","264","1","257","22","2806","2976","184","5966"
"2021-10-05","1306","2898","0","0","27","1734","5437","6","264","1","257","22","2806","2975","184","5965"
"2021-10-09","1312","2905","0","0","26","1734","5441","6","264","1","265","22","2810","2985","182","5977"
"2021-10-16","1312","2900","0","0","26","1729","5431","6","264","1","265","22","2801","2984","182","5967"
"2021-10-23","1312","2900","0","0","26","1731","5433","6","264","1","265","22","2802","2985","182","5969"
"2021-10-30","1312","2901","0","0","26","1731","5435","6","264","1","264","22","2804","2985","181","5970"
"2021-11-02","1312","2901","0","0","26","1731","5435","6","264","1","264","22","2804","2985","181","5970"
"2021-11-06","1312","2901","0","0","26","1733","5436","6","264","1","265","22","2804","2987","181","5972"
"2021-11-13","1311","2901","0","0","26","1736","5437","6","264","1","266","22","2804","2990","180","5974"
"2021-11-20","1304","2915","0","0","27","1750","5456","8","262","1","269","25","2813","3002","181","5996"
"2021-11-27","1304","2915","0","0","27","1750","5456","8","262","1","269","25","2813","3002","181","5996"
"2021-12-04","1301","2917","0","0","28","1753","5459","8","263","1","268","25","2814","3005","180","5999"
"2021-12-11","1300","2921","0","0","28","1756","5465","7","264","1","268","25","2816","3009","180","6005"
"2021-12-18","1296","2920","0","0","28","1755","5459","7","264","1","268","25","2812","3007","180","5999"
"2021-12-25","1296","2920","0","0","28","1755","5459","7","264","1","268","25","2812","3007","180","5999"
"2022-01-01","1296","2920","0","0","28","1755","5459","7","264","1","268","25","2812","3007","180","5999"
"2022-01-08","1296","2919","0","0","27","1753","5456","7","263","1","268","24","2810","3005","180","5995"
"2022-01-15","1296","2918","0","0","27","1753","5455","7","263","1","268","24","2810","3004","180","5994"
"2022-01-22","1290","2931","0","0","29","1766","5476","8","263","1","268","24","2824","3011","181","6016"
"2022-01-29","1288","2929","0","0","29","1766","5476","8","262","1","265","24","2823","3009","180","6012"
"2022-02-05","1285","2936","0","0","30","1771","5486","8","262","1","265","25","2829","3013","180","6022"
"2022-02-12","1284","2933","0","0","30","1771","5481","8","262","1","266","26","2827","3011","180","6018"
"2022-02-19","1282","2932","0","0","30","1774","5481","8","262","1","266","26","2828","3010","180","6018"
"2022-02-26","1280","2936","0","0","31","1778","5488","8","262","1","266","26","2832","3013","180","6025"
"2022-03-05","1281","2942","0","0","31","1779","5494","8","262","1","268","26","2837","3016","180","6033"
"2022-03-12","1280","2944","0","0","31","1779","5493","8","264","1","268","26","2836","3017","181","6034"
"2022-03-19","1277","2955","0","0","32","1785","5506","8","266","1","268","26","2846","3022","181","6049"
"2022-03-26","1277","2961","0","0","32","1781","5508","8","266","1","268","26","2849","3022","180","6051"
"2022-04-02","1275","2966","0","0","32","1783","5514","8","267","1","266","27","2851","3025","180","6056"
"2022-04-09","1273","2969","0","0","32","1785","5516","8","268","1","266","27","2853","3026","180","6059"
"2022-04-16","1259","2959","0","0","31","1783","5489","8","268","1","266","27","2841","3012","179","6032"
"2022-04-23","1249","2963","0","0","31","1792","5490","8","268","1","268","29","2841","3014","180","6035"
"2022-04-30","1249","2962","0","0","31","1792","5489","8","268","1","268","29","2842","3012","180","6034"
"2022-05-07","1249","2962","0","0","31","1792","5489","8","268","1","268","29","2842","3012","180","6034"
"2022-05-14","1247","2954","0","0","31","1791","5478","8","268","1","268","29","2833","3010","180","6023"
"2022-05-17","1247","2953","0","0","31","1791","5477","8","268","1","268","29","2833","3009","180","6022"
"2022-05-21","1247","2960","0","0","31","1791","5483","8","268","1","269","30","2836","3013","180","6029"
"2022-05-28","1247","2961","0","0","31","1789","5482","8","268","1","269","30","2836","3012","180","6028"
"2022-06-04","1247","2979","0","0","31","1801","5508","8","269","1","272","30","2848","3025","185","6058"
"2022-06-11","1245","2978","0","0","31","1801","5506","8","269","1","271","30","2848","3022","185","6055"
"2022-06-18","1246","2978","0","0","31","1800","5506","8","269","1","271","30","2843","3026","186","6055"
"2022-06-25","1246","2979","0","0","32","1802","5507","8","269","1","274","30","2844","3026","189","6059"
"2022-07-02","1246","2982","0","0","32","1802","5509","8","270","1","274","30","2845","3028","189","6062"
"2022-07-09","1246","2980","0","0","32","1802","5507","8","270","1","274","30","2844","3027","189","6060"
"2022-07-16","1241","2975","0","0","32","1800","5500","8","269","1","270","30","2836","3023","189","6048"
"2022-07-23","1241","2981","0","0","32","1801","5506","8","269","1","271","30","2841","3025","189","6055"
"2022-07-26","1241","2980","0","0","32","1801","5505","8","269","1","271","30","2840","3025","189","6054"
"2022-07-30","1241","2979","0","0","32","1800","5503","8","269","1","271","30","2840","3023","189","6052"
"2022-08-06","1242","2990","0","0","32","1803","5518","8","269","1","271","31","2845","3033","189","6067"
"2022-08-13","1216","3002","0","0","32","1815","5513","8","270","1","273","31","2841","3035","189","6065"
"2022-08-20","1216","3002","0","0","31","1815","5513","8","270","1","272","31","2841","3035","188","6064"
"2022-08-27","1217","3006","0","0","31","1817","5517","8","271","1","274","31","2842","3041","188","6071"
"2022-09-03","1217","3004","0","0","31","1817","5515","8","271","1","274","31","2840","3041","188","6069"
"2022-09-10","1216","3006","0","0","31","1823","5522","8","271","1","274","31","2843","3044","189","6076"
"2022-09-17","1213","3008","0","0","31","1824","5525","8","270","1","272","31","2842","3044","190","6076"
"2022-09-24","1212","3007","0","0","31","1826","5524","8","271","1","272","31","2842","3044","190","6076"
"2022-10-01","1212","3011","0","0","31","1828","5530","8","271","1","272","31","2844","3047","191","6082"
"2022-10-08","1211","3016","0","0","31","1833","5539","8","271","1","272","31","2848","3051","192","6091"
"2022-10-15","1211","3013","0","0","31","1830","5533","8","271","1","272","31","2846","3046","193","6085"
"2022-10-22","1209","3017","0","0","31","1836","5542","8","271","1","271","31","2851","3049","193","6093"
"2022-10-29","1209","3016","0","0","31","1835","5540","8","271","1","271","31","2850","3048","193","6091"
"2022-11-05","1209","3020","0","0","30","1840","5546","8","271","1","273","31","2854","3051","194","6099"
"2022-11-08","1209","3021","0","0","30","1841","5547","8","272","1","273","31","2856","3051","194","6101"
"2022-11-12","1209","3020","0","0","30","1841","5546","8","272","1","273","31","2855","3051","194","6100"
"2022-11-19","1209","3026","0","0","30","1842","5552","8","273","1","273","31","2859","3054","194","6107"
"2022-11-26","1207","3023","0","0","30","1841","5547","8","272","1","273","31","2856","3050","195","6101"
"2022-12-03","1199","3033","0","0","30","1857","5563","8","273","1","274","31","2866","3058","195","6119"
"2022-12-06","1199","3033","0","0","30","1857","5563","8","273","1","274","31","2866","3058","195","6119"
"2022-12-10","1199","3033","0","0","30","1859","5565","8","273","1","274","31","2866","3060","195","6121"
"2022-12-17","1195","3031","0","0","30","1867","5566","8","273","1","275","31","2863","3063","197","6123"
"2022-12-24","1196","3030","0","0","30","1868","5567","8","273","1","275","31","2864","3063","197","6124"
"2022-12-31","1196","3030","0","0","30","1873","5569","8","274","1","277","32","2866","3067","196","6129"
"2023-01-01","1196","3030","0","0","30","1873","5569","8","274","1","277","32","2866","3067","196","6129"
"2023-01-07","1147","2972","0","0","30","1823","5426","8","266","1","271","32","2798","2981","193","5972"
"2023-01-14","1143","2975","0","0","31","1827","5432","8","263","1","272","32","2801","2982","193","5976"
"2023-01-21","1141","2976","0","0","31","1830","5433","8","263","1","273","33","2802","2983","193","5978"

