"Date","Democrats","Republicans","Green","Constitution","Libertarians","Unaffiliated","White","Black","American Indian","Native Hawaiian","Other","Hispanic","Male","Female","Undisclosed Gender","Total"
"2004-01-01","5559","5945","0","0","30","3527","14206","762","6","0","78","10","6640","8414","0","15061"
"2004-05-01","5598","5983","0","0","30","3634","14389","759","6","0","79","11","6716","8522","0","15245"
"2005-01-01","5759","6281","0","0","33","3923","15107","773","10","0","88","21","7067","8912","0","15996"
"2006-01-01","4633","5227","0","0","0","3446","12598","596","6","0","83","35","5957","7337","0","13306"
"2006-04-01","4671","5265","0","0","0","3508","12723","607","6","0","84","40","6024","7409","0","13444"
"2007-06-02","4859","5401","0","0","0","3873","13352","627","7","0","92","51","6332","7782","0","14133"
"2007-09-29","4869","5436","0","0","0","3966","13476","624","9","0","95","54","6382","7871","0","14271"
"2008-01-05","4879","5469","0","0","0","4036","13577","629","10","0","95","58","6425","7941","0","14384"
"2008-03-01","4891","5494","0","0","0","4078","13638","636","10","0","102","61","6476","7966","0","14463"
"2008-08-30","4960","5401","0","0","2","4268","13740","686","9","0","107","70","6574","8030","0","14631"
"2008-10-04","4994","5454","0","0","4","4350","13882","694","9","0","109","77","6653","8121","0","14802"
"2008-10-11","5041","5496","0","0","5","4397","13992","705","9","0","112","79","6731","8177","0","14939"
"2008-10-18","5067","5499","0","0","5","4413","14018","718","9","0","112","79","6760","8192","0","14984"
"2008-10-25","5078","5503","0","0","6","4423","14037","724","9","0","112","80","6777","8201","0","15010"
"2008-11-04","5095","5552","0","0","6","4466","14134","732","10","0","113","80","6838","8249","0","15119"
"2008-11-29","5119","5566","0","0","6","4488","14171","739","10","0","114","81","6861","8267","0","15179"
"2008-12-27","5130","5572","0","0","6","4493","14191","739","11","0","116","83","6874","8276","0","15201"
"2009-01-03","5131","5577","0","0","6","4496","14200","739","11","0","116","83","6879","8280","0","15210"
"2009-02-07","4970","5428","0","0","7","4369","13789","719","12","0","112","84","6681","8043","0","14774"
"2009-02-14","4965","5422","0","0","7","4367","13775","720","12","0","112","84","6674","8037","0","14761"
"2009-02-21","4922","5362","0","0","7","4327","13651","707","11","0","110","85","6613","7957","0","14618"
"2009-02-28","4923","5359","0","0","7","4328","13650","707","11","0","110","85","6612","7957","0","14617"
"2009-03-07","4923","5359","0","0","7","4330","13652","707","11","0","110","85","6614","7957","0","14619"
"2009-03-14","4923","5360","0","0","7","4332","13654","708","11","0","110","85","6615","7959","0","14622"
"2009-03-21","4926","5358","0","0","7","4333","13656","708","11","0","110","85","6619","7957","0","14624"
"2009-03-28","4890","5325","0","0","7","4288","13551","698","11","0","110","85","6570","7892","0","14510"
"2009-04-04","4894","5325","0","0","7","4294","13561","698","11","0","110","85","6574","7898","0","14520"
"2009-04-11","4892","5319","0","0","7","4292","13551","698","11","0","110","85","6569","7893","0","14510"
"2009-04-18","4890","5317","0","0","8","4294","13548","699","11","0","111","85","6568","7893","0","14509"
"2009-04-25","4894","5319","0","0","8","4294","13554","699","11","0","111","85","6569","7898","0","14515"
"2009-05-02","4892","5324","0","0","8","4294","13556","699","11","0","112","86","6570","7900","0","14518"
"2009-05-09","4887","5325","0","0","8","4296","13554","699","11","0","112","85","6569","7899","0","14516"
"2009-05-16","4892","5323","0","0","8","4298","13560","699","10","0","113","84","6573","7900","0","14521"
"2009-05-23","4891","5322","0","0","8","4300","13560","699","10","0","113","84","6575","7898","0","14521"
"2009-05-30","4891","5323","0","0","8","4304","13564","700","10","0","113","84","6574","7904","0","14526"
"2009-06-06","4896","5320","0","0","8","4303","13565","700","10","0","113","84","6572","7907","0","14527"
"2009-06-13","4898","5323","0","0","8","4305","13573","699","10","0","113","84","6576","7910","0","14534"
"2009-06-20","4898","5324","0","0","8","4309","13575","699","10","0","113","84","6579","7912","0","14539"
"2009-06-27","4896","5324","0","0","8","4310","13575","699","10","0","112","84","6577","7913","0","14538"
"2009-07-04","4898","5322","0","0","8","4309","13574","699","10","0","112","84","6577","7912","0","14537"
"2009-07-11","4899","5318","0","0","8","4310","13572","699","10","0","112","84","6574","7913","0","14535"
"2009-07-18","4902","5317","0","0","8","4311","13575","699","10","0","112","84","6574","7916","0","14538"
"2009-07-25","4904","5325","0","0","10","4313","13590","698","10","0","112","84","6577","7927","0","14552"
"2009-08-02","4904","5327","0","0","10","4317","13596","698","10","0","112","84","6579","7931","0","14558"
"2009-08-08","4907","5327","0","0","10","4318","13598","698","10","0","112","84","6582","7932","0","14562"
"2009-08-15","4898","5315","0","0","10","4324","13585","696","10","0","112","84","6576","7923","0","14547"
"2009-08-22","4900","5316","0","0","10","4327","13591","696","10","0","112","84","6578","7927","0","14553"
"2009-08-29","4897","5313","0","0","10","4333","13591","696","10","0","112","84","6577","7928","0","14553"
"2009-09-05","4899","5316","0","0","10","4344","13607","696","10","0","112","84","6587","7934","0","14569"
"2009-09-12","4900","5317","0","0","10","4345","13610","696","10","0","112","84","6591","7933","0","14572"
"2009-09-19","4898","5318","0","0","10","4342","13606","696","11","0","112","84","6588","7932","0","14568"
"2009-09-26","4897","5320","0","0","10","4346","13610","697","11","0","112","84","6591","7934","0","14573"
"2009-10-03","4902","5321","0","0","10","4352","13620","698","12","0","112","84","6595","7942","0","14585"
"2009-10-10","4908","5325","0","0","10","4364","13639","701","12","0","112","84","6605","7954","0","14607"
"2009-10-17","4907","5325","0","0","10","4369","13643","702","12","0","112","84","6607","7957","0","14611"
"2009-10-24","4909","5329","0","0","10","4367","13649","700","12","0","112","84","6608","7960","0","14615"
"2009-10-31","4908","5330","0","0","12","4371","13655","699","12","0","113","84","6611","7963","0","14621"
"2009-11-03","4908","5331","0","0","12","4370","13655","699","12","0","113","84","6611","7963","0","14621"
"2009-11-21","4902","5319","0","0","14","4385","13658","695","12","0","113","85","6610","7963","0","14620"
"2009-11-28","4902","5324","0","0","14","4388","13666","695","12","0","113","85","6617","7964","0","14628"
"2009-12-05","4902","5325","0","0","14","4388","13666","695","12","0","113","85","6619","7963","0","14629"
"2009-12-12","4902","5327","0","0","15","4395","13674","697","12","0","113","85","6625","7967","0","14639"
"2009-12-19","4902","5328","0","0","15","4394","13674","697","12","0","113","85","6624","7968","0","14639"
"2009-12-26","4909","5331","0","0","15","4397","13686","698","12","0","113","85","6632","7973","0","14652"
"2010-01-02","4912","5331","0","0","15","4402","13694","698","12","0","113","85","6634","7979","0","14660"
"2010-01-09","4912","5329","0","0","15","4393","13683","698","12","0","113","85","6629","7973","0","14649"
"2010-01-16","4912","5331","0","0","15","4397","13687","699","12","0","114","85","6635","7973","0","14655"
"2010-01-23","4917","5331","0","0","15","4400","13695","699","12","0","114","85","6640","7976","0","14663"
"2010-01-30","4917","5334","0","0","14","4418","13714","700","12","0","114","86","6651","7985","0","14683"
"2010-02-06","4915","5331","0","0","14","4420","13710","700","12","0","115","86","6647","7986","0","14680"
"2010-02-13","4912","5329","0","0","14","4429","13715","700","12","0","115","86","6649","7988","0","14684"
"2010-02-20","4912","5326","0","0","14","4435","13717","700","12","0","116","87","6650","7990","0","14687"
"2010-02-27","4908","5324","0","0","14","4456","13730","702","12","0","116","87","6658","7997","0","14702"
"2010-03-06","4908","5325","0","0","14","4464","13738","702","12","0","116","88","6662","8002","0","14711"
"2010-03-13","4898","5316","0","0","14","4470","13723","702","12","0","117","89","6656","7995","0","14698"
"2010-03-20","4901","5319","0","0","14","4474","13736","700","12","0","117","89","6660","8001","0","14708"
"2010-03-27","4902","5320","0","0","14","4478","13742","701","12","0","116","89","6662","8005","0","14714"
"2010-04-03","4898","5315","0","0","14","4478","13732","701","12","0","116","89","6658","8000","0","14705"
"2010-04-10","4896","5318","0","0","14","4490","13744","701","12","0","117","90","6667","8004","0","14718"
"2010-04-17","4886","5303","0","0","14","4489","13719","699","12","0","117","90","6655","7991","0","14692"
"2010-04-24","4891","5305","0","0","14","4488","13724","700","12","0","117","90","6658","7994","0","14698"
"2010-05-01","4896","5306","0","0","14","4492","13733","701","12","0","117","90","6660","8002","0","14708"
"2010-05-04","4901","5305","0","0","14","4494","13740","700","12","0","117","90","6662","8006","0","14714"
"2010-05-08","4901","5305","0","0","14","4494","13740","700","12","0","117","90","6662","8006","0","14714"
"2010-05-15","4903","5303","0","0","14","4494","13738","700","12","0","117","90","6662","8004","0","14714"
"2010-05-22","4903","5303","0","0","14","4493","13737","700","12","0","117","90","6661","8004","0","14713"
"2010-05-29","4902","5303","0","0","14","4493","13736","700","12","0","117","90","6661","8003","0","14712"
"2010-06-05","4902","5303","0","0","14","4493","13736","700","12","0","117","90","6661","8003","0","14712"
"2010-06-12","4902","5303","0","0","14","4493","13736","700","12","0","117","90","6661","8003","0","14712"
"2010-06-19","4902","5303","0","0","14","4493","13736","700","12","0","117","90","6661","8003","0","14712"
"2010-06-22","4901","5303","0","0","14","4493","13735","700","12","0","117","90","6661","8002","0","14711"
"2010-06-26","4899","5301","0","0","14","4493","13732","700","12","0","117","90","6660","7999","0","14707"
"2010-07-03","4896","5300","0","0","14","4490","13726","700","12","0","117","90","6659","7993","0","14700"
"2010-07-10","4924","5331","0","0","16","4561","13853","703","12","0","120","91","6737","8048","0","14832"
"2010-07-17","4919","5328","0","0","16","4580","13864","703","12","0","119","90","6743","8052","0","14843"
"2010-07-24","4917","5324","0","0","16","4577","13857","701","12","0","119","90","6739","8047","0","14834"
"2010-07-31","4914","5322","0","0","16","4589","13862","701","12","0","120","91","6744","8050","0","14841"
"2010-08-07","4916","5324","0","0","16","4595","13875","701","12","0","120","91","6747","8057","0","14851"
"2010-08-14","4917","5328","0","0","16","4602","13884","702","12","0","121","93","6752","8064","0","14863"
"2010-08-21","4922","5328","0","0","16","4612","13899","702","12","0","120","93","6758","8074","0","14878"
"2010-08-28","4924","5329","0","0","16","4613","13903","702","12","0","121","93","6758","8078","0","14882"
"2010-08-31","4928","5335","0","0","16","4615","13916","702","12","0","121","93","6763","8085","0","14894"
"2010-09-04","4909","5316","0","0","16","4611","13877","699","12","0","121","93","6748","8058","0","14852"
"2010-09-11","4912","5317","0","0","17","4616","13886","701","12","0","121","93","6755","8061","0","14862"
"2010-09-18","4913","5307","0","0","17","4622","13884","701","12","0","121","93","6753","8060","0","14859"
"2010-09-25","4910","5317","0","0","17","4627","13894","701","12","0","124","96","6762","8063","0","14871"
"2010-10-02","4901","5301","0","0","17","4624","13871","699","12","0","123","95","6756","8043","0","14843"
"2010-10-09","4901","5300","0","0","17","4635","13881","697","12","0","125","97","6761","8048","0","14853"
"2010-10-16","4906","5307","0","0","17","4637","13895","697","12","0","125","99","6762","8060","0","14867"
"2010-10-23","4907","5311","0","0","17","4642","13903","697","12","0","125","99","6766","8065","0","14877"
"2010-10-30","4915","5318","0","0","18","4649","13921","699","12","0","128","102","6775","8079","0","14900"
"2010-11-02","4923","5332","0","0","18","4661","13953","701","12","0","128","102","6795","8093","0","14934"
"2010-11-06","4923","5332","0","0","18","4661","13953","701","12","0","128","102","6795","8093","0","14934"
"2010-11-13","4923","5332","0","0","18","4661","13953","701","12","0","128","102","6795","8093","0","14934"
"2010-11-20","4928","5339","0","0","20","4681","13981","705","12","0","128","102","6807","8111","0","14968"
"2010-11-27","4929","5342","0","0","21","4683","13988","705","12","0","128","102","6810","8115","0","14975"
"2010-12-04","4928","5340","0","0","21","4684","13986","705","12","0","128","102","6810","8113","0","14973"
"2010-12-11","4926","5341","0","0","21","4685","13987","704","12","0","128","102","6807","8116","0","14973"
"2010-12-18","4926","5340","0","0","21","4687","13988","704","12","0","128","102","6808","8116","0","14974"
"2010-12-25","4926","5339","0","0","21","4688","13989","704","12","0","128","102","6809","8116","0","14974"
"2011-01-01","4930","5341","0","0","21","4700","14004","706","12","0","128","102","6817","8124","0","14992"
"2011-01-08","4785","5150","0","0","22","4500","13493","693","11","0","119","102","6580","7826","0","14457"
"2011-01-15","4785","5152","0","0","23","4504","13500","693","11","0","119","102","6583","7831","0","14464"
"2011-01-22","4773","5148","0","0","23","4496","13477","690","11","0","119","102","6570","7820","0","14440"
"2011-01-29","4776","5146","0","0","22","4497","13477","690","11","0","119","103","6571","7820","0","14441"
"2011-02-05","4775","5152","0","0","22","4499","13484","691","11","0","118","103","6578","7820","0","14448"
"2011-02-12","4774","5150","0","0","21","4502","13484","690","11","0","118","103","6578","7819","0","14447"
"2011-02-19","4774","5151","0","0","21","4502","13485","690","11","0","118","103","6578","7820","0","14448"
"2011-02-26","4770","5148","0","0","21","4502","13478","690","11","0","118","103","6574","7817","0","14441"
"2011-03-05","4781","5164","0","0","24","4511","13512","696","11","0","119","103","6595","7835","0","14480"
"2011-03-12","4783","5167","0","0","25","4521","13526","696","11","0","121","104","6598","7848","0","14496"
"2011-03-19","4786","5167","0","0","25","4522","13529","697","11","0","121","104","6599","7851","0","14500"
"2011-03-26","4769","5140","0","0","25","4509","13474","697","11","0","121","102","6569","7824","0","14443"
"2011-04-02","4771","5141","0","0","25","4508","13475","697","11","0","122","103","6571","7824","0","14445"
"2011-04-09","4768","5138","0","0","25","4506","13467","697","11","0","122","103","6566","7821","0","14437"
"2011-04-16","4759","5135","0","0","25","4507","13460","694","11","0","121","103","6564","7812","0","14426"
"2011-04-23","4761","5139","0","0","25","4515","13474","695","11","0","121","103","6573","7818","0","14440"
"2011-04-30","4761","5141","0","0","25","4521","13480","696","11","0","121","103","6575","7824","0","14448"
"2011-05-07","4762","5143","0","0","25","4519","13481","696","11","0","121","103","6578","7822","0","14449"
"2011-05-14","4764","5146","0","0","25","4526","13492","696","11","0","121","104","6582","7830","0","14461"
"2011-05-21","4761","5153","0","0","25","4524","13494","697","11","0","121","104","6584","7833","0","14463"
"2011-05-28","4763","5156","0","0","26","4533","13506","697","11","0","123","106","6591","7841","0","14478"
"2011-06-04","4760","5155","0","0","26","4531","13501","696","11","0","123","106","6590","7836","0","14472"
"2011-06-11","4755","5144","0","0","26","4530","13484","696","11","0","123","106","6580","7829","0","14455"
"2011-06-18","4757","5147","0","0","27","4540","13496","700","11","0","123","106","6592","7833","0","14471"
"2011-06-25","4759","5150","0","0","27","4544","13506","699","11","0","123","105","6595","7839","0","14480"
"2011-07-02","4758","5149","0","0","27","4549","13509","699","11","0","123","105","6598","7840","0","14483"
"2011-07-09","4763","5156","0","0","27","4555","13526","699","11","0","123","105","6608","7848","0","14501"
"2011-07-16","4764","5158","0","0","27","4557","13531","699","11","0","123","105","6612","7850","0","14506"
"2011-07-23","4761","5152","0","0","28","4558","13527","697","11","0","123","105","6609","7846","0","14499"
"2011-07-30","4762","5158","0","0","28","4563","13540","697","11","0","122","105","6613","7854","0","14511"
"2011-08-06","4758","5150","0","0","28","4568","13533","697","11","0","122","106","6608","7852","0","14504"
"2011-08-13","4760","5152","0","0","28","4567","13537","696","11","0","122","106","6612","7850","0","14507"
"2011-08-20","4758","5152","0","0","28","4576","13545","695","11","0","122","106","6612","7857","0","14514"
"2011-08-27","4761","5151","0","0","28","4587","13558","695","11","0","122","106","6615","7867","0","14527"
"2011-09-03","4768","5153","0","0","28","4591","13570","696","11","0","122","106","6621","7874","0","14540"
"2011-09-10","4767","5159","0","0","28","4595","13580","696","11","0","122","105","6624","7880","0","14549"
"2011-09-17","4766","5149","0","0","28","4594","13566","698","11","0","122","105","6617","7875","0","14537"
"2011-09-24","4765","5157","0","0","28","4595","13572","698","12","0","122","105","6624","7876","0","14545"
"2011-10-01","4766","5159","0","0","29","4601","13581","698","12","0","123","106","6629","7881","0","14555"
"2011-10-08","4763","5169","0","0","29","4599","13586","698","12","0","123","106","6632","7883","0","14560"
"2011-10-15","4760","5175","0","0","29","4608","13597","699","12","0","123","106","6638","7889","0","14572"
"2011-10-22","4764","5176","0","0","31","4614","13605","701","13","0","124","107","6641","7895","0","14585"
"2011-10-29","4759","5178","0","0","31","4617","13605","702","13","0","123","107","6638","7898","0","14585"
"2011-11-05","4751","5175","0","0","31","4612","13589","702","13","0","123","108","6630","7890","0","14569"
"2011-11-12","4752","5176","0","0","31","4616","13595","703","13","0","122","108","6633","7893","0","14575"
"2011-11-19","4750","5183","0","0","31","4625","13610","703","13","0","121","108","6637","7902","0","14589"
"2011-11-26","4752","5182","0","0","32","4625","13610","703","13","0","123","109","6640","7901","0","14591"
"2011-12-03","4752","5184","0","0","31","4628","13614","703","13","0","123","109","6642","7903","0","14595"
"2011-12-10","4758","5185","0","0","32","4636","13630","703","13","0","123","109","6649","7912","0","14611"
"2011-12-17","4762","5186","0","0","32","4637","13634","705","13","0","123","109","6652","7916","0","14617"
"2011-12-24","4764","5188","0","0","32","4643","13644","705","13","0","123","109","6656","7922","0","14627"
"2011-12-31","4765","5192","0","0","32","4643","13649","705","13","0","123","109","6661","7922","0","14632"
"2012-01-07","4764","5197","0","0","32","4654","13663","705","13","0","123","109","6666","7931","0","14647"
"2012-01-14","4758","5200","0","0","32","4657","13664","702","14","0","267","110","6661","7936","50","14647"
"2012-01-21","4753","5201","0","0","32","4667","13671","702","14","0","266","110","6664","7939","50","14653"
"2012-01-28","4761","5214","0","0","32","4682","13701","706","15","0","267","110","6683","7957","49","14689"
"2012-02-04","4757","5216","0","0","33","4693","13709","708","15","0","267","110","6689","7961","49","14699"
"2012-02-11","4749","5201","0","0","33","4691","13684","708","15","0","267","110","6680","7945","49","14674"
"2012-02-18","4752","5214","0","0","33","4701","13707","709","15","0","269","110","6698","7952","50","14700"
"2012-02-25","4752","5222","0","0","33","4708","13720","709","15","0","271","112","6703","7962","50","14715"
"2012-03-03","4754","5229","0","0","33","4714","13735","709","15","0","271","112","6711","7969","50","14730"
"2012-03-10","4763","5255","0","0","34","4751","13800","713","14","0","276","115","6747","8007","49","14803"
"2012-03-17","4761","5236","0","0","34","4744","13773","712","13","0","277","115","6721","8002","52","14775"
"2012-03-24","4764","5242","0","0","34","4751","13787","713","13","0","278","115","6730","8008","53","14791"
"2012-03-31","4753","5225","0","0","34","4751","13759","713","13","0","278","115","6716","7994","53","14763"
"2012-04-07","4747","5221","0","0","34","4746","13744","712","13","0","279","118","6710","7985","53","14748"
"2012-04-14","4756","5217","0","0","34","4767","13764","713","13","0","284","119","6719","8001","54","14774"
"2012-04-21","4753","5215","0","0","34","4770","13762","713","13","0","284","119","6717","8001","54","14772"
"2012-04-28","4750","5216","0","0","34","4772","13763","714","13","0","282","118","6718","8001","53","14772"
"2012-05-05","4750","5219","0","0","34","4775","13771","712","13","0","282","118","6719","8006","53","14778"
"2012-05-08","4757","5219","0","0","35","4784","13787","713","13","0","282","119","6729","8013","53","14795"
"2012-05-12","4757","5219","0","0","35","4784","13787","713","13","0","282","119","6730","8012","53","14795"
"2012-05-19","4758","5219","0","0","35","4784","13787","714","13","0","282","119","6729","8015","52","14796"
"2012-05-26","4758","5219","0","0","35","4784","13787","714","13","0","282","119","6729","8015","52","14796"
"2012-06-02","4758","5219","0","0","35","4784","13787","714","13","0","282","119","6729","8015","52","14796"
"2012-06-09","4755","5212","0","0","35","4780","13773","714","13","0","282","119","6722","8008","52","14782"
"2012-06-16","4755","5211","0","0","35","4779","13771","714","13","0","282","119","6720","8008","52","14780"
"2012-06-23","4755","5211","0","0","35","4779","13771","714","13","0","282","119","6720","8008","52","14780"
"2012-06-30","4741","5198","0","0","35","4768","13735","712","13","0","282","119","6701","7989","52","14742"
"2012-07-07","4741","5198","0","0","35","4768","13735","712","13","0","282","119","6701","7989","52","14742"
"2012-07-14","4740","5197","0","0","35","4768","13733","712","13","0","282","119","6701","7987","52","14740"
"2012-07-17","4740","5197","0","0","35","4768","13733","712","13","0","282","119","6701","7987","52","14740"
"2012-07-21","4793","5236","0","0","33","4852","13887","720","12","0","295","125","6778","8077","59","14914"
"2012-07-28","4792","5237","0","0","33","4858","13892","719","12","0","297","125","6782","8079","59","14920"
"2012-08-04","4790","5243","0","0","33","4868","13904","719","12","0","299","125","6788","8086","60","14934"
"2012-08-08","4793","5245","0","0","33","4872","13913","718","12","0","300","125","6788","8095","60","14943"
"2012-08-11","4796","5249","0","0","33","4876","13924","717","12","0","301","125","6792","8103","59","14954"
"2012-08-18","4807","5255","0","0","34","4879","13943","718","12","0","302","125","6801","8114","60","14975"
"2012-08-25","4814","5259","0","0","34","4893","13963","720","12","0","305","124","6809","8128","63","15000"
"2012-09-01","4819","5267","0","0","34","4901","13981","722","12","0","306","125","6815","8140","66","15021"
"2012-09-08","4817","5270","0","0","35","4906","13989","721","12","0","306","125","6815","8147","66","15028"
"2012-09-15","4811","5278","0","0","35","4911","13995","720","12","0","308","125","6817","8152","66","15035"
"2012-09-22","4822","5274","0","0","35","4923","14009","721","12","0","312","125","6824","8160","70","15054"
"2012-09-29","4832","5285","0","0","37","4942","14045","721","12","0","318","126","6840","8183","73","15096"
"2012-10-06","4834","5298","0","0","38","4953","14068","720","11","0","324","128","6859","8190","74","15123"
"2012-10-13","4852","5329","0","0","39","4985","14137","722","11","0","335","130","6898","8233","74","15205"
"2012-10-20","4853","5330","0","0","39","4990","14144","722","11","0","335","130","6897","8239","76","15212"
"2012-10-27","4864","5337","0","0","39","4988","14147","729","11","0","341","132","6908","8243","77","15228"
"2012-11-03","4876","5346","0","0","42","5007","14182","733","11","0","345","134","6920","8275","76","15271"
"2012-11-06","4879","5357","0","0","42","5008","14196","734","11","0","345","135","6930","8280","76","15286"
"2012-11-10","4878","5357","0","0","42","5006","14193","734","11","0","345","135","6928","8279","76","15283"
"2012-11-17","4877","5356","0","0","42","5003","14188","734","11","0","345","135","6924","8278","76","15278"
"2012-11-24","4887","5355","0","0","42","5012","14201","735","11","0","349","135","6931","8286","79","15296"
"2012-11-28","4885","5366","0","0","43","5019","14217","736","11","0","349","135","6938","8296","79","15313"
"2012-12-01","4886","5365","0","0","43","5023","14221","736","11","0","349","135","6941","8297","79","15317"
"2012-12-08","4886","5364","0","0","44","5026","14223","736","11","0","350","136","6943","8298","79","15320"
"2012-12-15","4881","5364","0","0","44","5026","14219","736","11","0","349","136","6941","8296","78","15315"
"2012-12-22","4857","5309","0","0","44","4985","14103","732","11","0","349","137","6883","8234","78","15195"
"2012-12-29","4854","5311","0","0","43","4989","14105","732","11","0","349","137","6886","8233","78","15197"
"2013-01-05","4852","5317","0","0","43","4997","14115","733","11","0","350","137","6892","8239","78","15209"
"2013-01-12","4851","5310","0","0","43","4996","14107","733","11","0","349","137","6891","8232","77","15200"
"2013-01-19","4851","5303","0","0","43","4991","14093","734","11","0","350","137","6884","8227","77","15188"
"2013-01-26","4854","5300","0","0","43","4992","14092","734","11","0","352","138","6885","8227","77","15189"
"2013-02-02","4852","5301","0","0","43","4994","14093","734","11","0","352","138","6887","8226","77","15190"
"2013-02-09","4846","5297","0","0","43","4983","14072","734","11","0","352","138","6874","8218","77","15169"
"2013-02-16","4846","5296","0","0","43","4979","14066","734","11","0","353","138","6875","8212","77","15164"
"2013-02-23","4840","5294","0","0","43","4966","14043","735","11","0","354","140","6874","8192","77","15143"
"2013-03-02","4841","5298","0","0","44","4968","14053","734","11","0","353","139","6876","8197","78","15151"
"2013-03-09","4841","5300","0","0","44","4973","14060","734","11","0","353","139","6882","8199","77","15158"
"2013-03-16","4825","5286","0","0","45","4962","14026","731","10","0","351","139","6866","8172","80","15118"
"2013-03-23","4818","5285","0","0","44","4962","14018","733","10","0","348","139","6858","8171","80","15109"
"2013-03-30","4823","5295","0","0","44","4963","14033","735","10","0","347","141","6866","8181","78","15125"
"2013-04-06","4801","5281","0","0","45","4951","13991","731","10","0","346","141","6844","8156","78","15078"
"2013-04-13","4804","5286","0","0","45","4952","14000","731","10","0","346","141","6849","8160","78","15087"
"2013-04-20","4805","5291","0","0","45","4952","14006","731","10","0","346","141","6852","8163","78","15093"
"2013-04-27","4806","5293","0","0","45","4956","14013","731","10","0","346","141","6852","8170","78","15100"
"2013-05-04","4805","5291","0","0","45","4961","14015","731","10","0","346","141","6851","8173","78","15102"
"2013-05-11","4805","5295","0","0","44","4966","14023","731","10","0","346","141","6859","8173","78","15110"
"2013-05-18","4808","5298","0","0","44","4972","14034","732","10","0","346","141","6867","8177","78","15122"
"2013-05-25","4811","5294","0","0","44","4979","14040","732","10","0","346","141","6870","8180","78","15128"
"2013-06-01","4807","5295","0","0","44","4983","14042","731","10","0","346","141","6870","8181","78","15129"
"2013-06-08","4810","5289","0","0","44","4987","14043","731","10","0","346","141","6872","8180","78","15130"
"2013-06-15","4811","5292","0","0","47","4992","14056","731","10","0","345","141","6880","8184","78","15142"
"2013-06-22","4812","5296","0","0","46","4992","14060","731","10","0","345","141","6883","8185","78","15146"
"2013-06-29","4817","5299","0","0","46","5001","14076","732","10","0","345","141","6889","8196","78","15163"
"2013-07-06","4817","5298","0","0","46","5001","14075","732","10","0","345","141","6888","8196","78","15162"
"2013-07-13","4817","5297","0","0","46","5001","14074","732","10","0","345","141","6888","8195","78","15161"
"2013-07-20","4817","5297","0","0","46","5001","14074","732","10","0","345","141","6888","8195","78","15161"
"2013-07-27","4817","5297","0","0","46","5001","14074","732","10","0","345","141","6888","8195","78","15161"
"2013-08-03","4816","5318","0","0","46","5013","14101","733","10","0","349","145","6905","8210","78","15193"
"2013-08-10","4807","5305","0","0","46","5017","14084","732","10","0","349","145","6897","8200","78","15175"
"2013-08-17","4810","5317","0","0","47","5029","14111","733","10","0","349","145","6915","8210","78","15203"
"2013-08-24","4808","5323","0","0","47","5036","14121","733","10","0","350","145","6925","8211","78","15214"
"2013-08-31","4814","5325","0","0","47","5040","14132","734","10","0","350","145","6930","8218","78","15226"
"2013-09-07","4815","5325","0","0","47","5041","14135","733","10","0","350","144","6928","8222","78","15228"
"2013-09-14","4817","5322","0","0","49","5053","14148","732","10","0","351","145","6930","8233","78","15241"
"2013-09-21","4822","5334","0","0","49","5058","14165","735","10","0","353","145","6942","8243","78","15263"
"2013-09-28","4827","5332","0","0","49","5060","14170","735","10","0","353","145","6943","8247","78","15268"
"2013-10-05","4813","5328","0","0","51","5062","14158","733","10","0","353","145","6932","8244","78","15254"
"2013-10-12","4812","5334","0","0","52","5075","14178","733","10","0","352","145","6938","8256","79","15273"
"2013-10-19","4807","5333","0","0","52","5074","14171","733","10","0","352","145","6936","8251","79","15266"
"2013-10-26","4806","5332","0","0","52","5076","14171","733","10","0","352","145","6935","8252","79","15266"
"2013-11-02","4806","5330","0","0","53","5076","14170","733","10","0","352","145","6934","8252","79","15265"
"2013-11-05","4806","5330","0","0","53","5076","14170","733","10","0","352","145","6934","8252","79","15265"
"2013-11-09","4806","5330","0","0","53","5076","14170","733","10","0","352","145","6934","8252","79","15265"
"2013-11-16","4797","5344","0","0","55","5096","14195","731","11","0","355","146","6941","8272","79","15292"
"2013-11-23","4797","5345","0","0","55","5096","14196","732","11","0","354","146","6941","8273","79","15293"
"2013-11-30","4797","5349","0","0","55","5100","14203","732","11","0","355","147","6947","8275","79","15301"
"2013-12-07","4796","5355","0","0","55","5110","14218","732","11","0","355","147","6955","8282","79","15316"
"2013-12-14","4781","5349","0","0","55","5101","14186","734","11","0","355","147","6938","8270","78","15286"
"2013-12-21","4780","5345","0","0","54","5099","14177","735","11","0","355","147","6931","8269","78","15278"
"2013-12-28","4781","5345","0","0","54","5099","14178","735","11","0","355","147","6931","8270","78","15279"
"2014-01-01","4779","5345","0","0","54","5099","14176","735","11","0","355","147","6929","8270","78","15277"
"2014-01-04","4778","5345","0","0","54","5098","14174","735","11","0","355","147","6928","8269","78","15275"
"2014-01-11","4779","5348","0","0","54","5101","14180","735","11","0","356","147","6932","8272","78","15282"
"2014-01-18","4779","5352","0","0","56","5104","14190","735","10","0","356","147","6934","8279","78","15291"
"2014-01-25","4779","5357","0","0","57","5109","14201","735","10","0","356","147","6940","8284","78","15302"
"2014-02-01","4766","5351","0","0","58","5105","14181","732","10","0","357","148","6930","8272","78","15280"
"2014-02-08","4766","5350","0","0","58","5108","14183","732","10","0","357","148","6932","8272","78","15282"
"2014-02-15","4766","5348","0","0","58","5107","14180","732","10","0","357","148","6931","8270","78","15279"
"2014-02-22","4770","5351","0","0","58","5118","14192","736","10","0","359","148","6938","8281","78","15297"
"2014-03-01","4769","5353","0","0","58","5121","14196","736","10","0","359","148","6941","8282","78","15301"
"2014-03-08","4768","5355","0","0","58","5124","14200","736","10","0","359","148","6945","8281","79","15305"
"2014-03-15","4770","5356","0","0","58","5133","14209","739","10","0","359","148","6956","8282","79","15317"
"2014-03-22","4770","5357","0","0","58","5134","14212","738","10","0","359","148","6955","8285","79","15319"
"2014-03-29","4771","5361","0","0","58","5136","14218","739","10","0","359","148","6958","8289","79","15326"
"2014-04-05","4770","5362","0","0","58","5138","14219","739","10","0","360","148","6964","8285","79","15328"
"2014-04-12","4763","5370","0","0","58","5163","14247","738","10","0","359","148","6985","8290","79","15354"
"2014-04-19","4760","5370","0","0","58","5162","14244","738","10","0","358","148","6982","8290","78","15350"
"2014-04-26","4760","5368","0","0","57","5161","14240","738","10","0","358","148","6979","8289","78","15346"
"2014-05-03","4756","5368","0","0","57","5159","14235","737","10","0","358","148","6975","8287","78","15340"
"2014-05-06","4756","5368","0","0","57","5159","14235","737","10","0","358","148","6975","8287","78","15340"
"2014-05-10","4756","5368","0","0","57","5159","14235","737","10","0","358","148","6975","8287","78","15340"
"2014-05-17","4758","5368","0","0","57","5158","14237","736","10","0","358","148","6975","8288","78","15341"
"2014-05-24","4758","5385","0","0","60","5176","14269","738","10","0","362","149","6994","8307","78","15379"
"2014-05-31","4754","5385","0","0","60","5173","14263","737","10","0","362","149","6986","8308","78","15372"
"2014-06-07","4755","5385","0","0","60","5182","14272","738","10","0","362","149","6991","8313","78","15382"
"2014-06-14","4757","5391","0","0","60","5183","14281","738","10","0","362","149","6994","8318","79","15391"
"2014-06-21","4762","5392","0","0","60","5190","14294","738","10","0","362","149","7004","8321","79","15404"
"2014-06-28","4763","5400","0","0","60","5196","14309","738","10","0","362","149","7012","8328","79","15419"
"2014-07-05","4762","5400","0","0","60","5196","14308","738","10","0","362","149","7012","8327","79","15418"
"2014-07-12","4765","5405","0","0","60","5206","14326","738","10","0","362","149","7020","8336","80","15436"
"2014-07-15","4765","5407","0","0","60","5207","14329","738","10","0","362","149","7022","8337","80","15439"
"2014-07-19","4764","5407","0","0","60","5206","14327","738","10","0","362","149","7021","8336","80","15437"
"2014-07-26","4764","5400","0","0","61","5217","14332","737","11","0","362","149","7024","8338","80","15442"
"2014-08-02","4764","5400","0","0","61","5214","14328","738","11","0","362","149","7020","8339","80","15439"
"2014-08-09","4762","5398","0","0","61","5237","14345","739","11","0","363","149","7031","8347","80","15458"
"2014-08-16","4757","5372","0","0","61","5220","14301","739","11","0","359","148","7008","8324","78","15410"
"2014-08-23","4749","5372","0","0","61","5219","14291","740","11","0","359","147","7004","8319","78","15401"
"2014-08-30","4736","5372","0","0","61","5232","14292","740","11","0","358","147","7006","8317","78","15401"
"2014-09-06","4736","5372","0","0","61","5240","14301","740","11","0","357","147","7013","8318","78","15409"
"2014-09-13","4735","5383","0","0","61","5249","14319","740","11","0","358","147","7019","8331","78","15428"
"2014-09-20","4741","5390","0","0","61","5256","14337","740","11","0","360","147","7026","8343","79","15448"
"2014-09-27","4742","5390","0","0","61","5261","14341","740","11","0","362","147","7030","8344","80","15454"
"2014-10-04","4747","5385","0","0","61","5274","14353","739","11","0","364","147","7029","8358","80","15467"
"2014-10-11","4754","5389","0","0","64","5290","14377","740","11","0","369","147","7040","8375","82","15497"
"2014-10-18","4754","5386","0","0","64","5299","14384","740","11","0","368","147","7040","8381","82","15503"
"2014-10-25","4752","5384","0","0","64","5303","14383","740","11","0","369","147","7043","8378","82","15503"
"2014-11-01","4750","5377","0","0","64","5304","14377","739","11","0","368","147","7043","8370","82","15495"
"2014-11-04","4749","5377","0","0","64","5305","14377","739","11","0","368","147","7042","8371","82","15495"
"2014-11-08","4749","5378","0","0","64","5304","14378","739","11","0","367","146","7043","8370","82","15495"
"2014-11-15","4752","5387","0","0","65","5308","14395","739","11","0","367","146","7052","8378","82","15512"
"2014-11-22","4749","5378","0","0","65","5303","14380","739","11","0","365","146","7048","8367","80","15495"
"2014-11-29","4752","5380","0","0","66","5312","14395","739","11","0","365","146","7055","8375","80","15510"
"2014-12-06","4750","5389","0","0","66","5323","14412","739","11","0","366","147","7065","8384","79","15528"
"2014-12-13","4744","5384","0","0","66","5321","14399","739","11","0","366","147","7064","8372","79","15515"
"2014-12-20","4741","5382","0","0","66","5325","14398","739","11","0","366","147","7062","8373","79","15514"
"2014-12-27","4741","5384","0","0","66","5328","14403","739","11","0","366","147","7061","8379","79","15519"
"2015-01-03","4573","5171","0","0","66","5129","13855","716","11","0","357","138","6792","8069","78","14939"
"2015-01-10","4570","5163","0","0","66","5127","13842","716","11","0","357","138","6786","8062","78","14926"
"2015-01-17","4571","5164","0","0","66","5129","13845","717","11","0","357","138","6785","8067","78","14930"
"2015-01-24","4566","5155","0","0","66","5127","13831","716","11","0","356","138","6777","8059","78","14914"
"2015-01-31","4564","5157","0","0","66","5132","13836","716","11","0","356","138","6779","8062","78","14919"
"2015-02-07","4568","5158","0","0","66","5136","13843","718","11","0","356","138","6783","8067","78","14928"
"2015-02-14","4576","5162","0","0","65","5145","13863","718","11","0","356","138","6792","8078","78","14948"
"2015-02-21","4573","5163","0","0","66","5143","13861","718","11","0","355","138","6791","8076","78","14945"
"2015-02-28","4568","5160","0","0","66","5136","13847","717","11","0","355","138","6781","8071","78","14930"
"2015-03-07","4565","5158","0","0","67","5140","13845","717","11","0","357","140","6778","8074","78","14930"
"2015-03-14","4558","5151","0","0","67","5137","13828","717","11","0","357","140","6779","8057","77","14913"
"2015-03-21","4558","5149","0","0","67","5132","13820","717","11","0","358","140","6777","8053","76","14906"
"2015-03-29","4555","5153","0","0","67","5138","13826","717","11","0","359","141","6786","8051","76","14913"
"2015-04-04","4553","5153","0","0","67","5140","13826","718","11","0","358","141","6788","8049","76","14913"
"2015-04-11","4550","5159","0","0","68","5145","13836","717","11","0","358","141","6791","8055","76","14922"
"2015-04-18","4551","5163","0","0","68","5150","13845","717","11","0","359","141","6793","8063","76","14932"
"2015-04-25","4542","5161","0","0","68","5143","13826","717","11","0","360","141","6788","8050","76","14914"
"2015-05-02","4543","5163","0","0","68","5147","13833","717","11","0","360","141","6793","8052","76","14921"
"2015-05-09","4544","5165","0","0","68","5153","13842","717","11","0","360","141","6797","8057","76","14930"
"2015-05-12","4544","5165","0","0","68","5153","13842","717","11","0","360","141","6797","8057","76","14930"
"2015-05-16","4541","5161","0","0","69","5152","13834","717","11","0","361","141","6792","8055","76","14923"
"2015-05-23","4547","5163","0","0","69","5157","13846","718","11","0","361","141","6800","8060","76","14936"
"2015-05-30","4551","5170","0","0","66","5162","13857","719","11","0","362","141","6809","8064","76","14949"
"2015-06-06","4546","5170","0","0","66","5168","13856","721","11","0","362","141","6805","8071","74","14950"
"2015-06-13","4546","5174","0","0","68","5172","13865","721","11","0","363","141","6808","8078","74","14960"
"2015-06-20","4547","5179","0","0","68","5176","13873","722","11","0","364","141","6815","8081","74","14970"
"2015-06-27","4547","5184","0","0","68","5184","13883","724","11","0","365","141","6822","8087","74","14983"
"2015-07-04","4550","5187","0","0","68","5192","13898","725","11","0","363","141","6830","8093","74","14997"
"2015-07-11","4550","5194","0","0","68","5198","13909","726","11","0","364","142","6839","8097","74","15010"
"2015-07-18","4555","5194","0","0","68","5198","13915","726","11","0","363","142","6841","8100","74","15015"
"2015-07-25","4554","5192","0","0","68","5202","13916","726","11","0","363","142","6842","8100","74","15016"
"2015-08-01","4546","5195","0","0","67","5203","13910","726","11","0","364","142","6845","8092","74","15011"
"2015-08-08","4542","5192","0","0","67","5202","13903","725","11","0","364","142","6839","8090","74","15003"
"2015-08-15","4545","5191","0","0","68","5206","13907","727","11","0","365","142","6839","8097","74","15010"
"2015-08-22","4547","5195","0","0","69","5215","13921","728","11","0","366","142","6845","8107","74","15026"
"2015-08-29","4544","5196","0","0","69","5224","13926","729","11","0","367","142","6849","8110","74","15033"
"2015-09-05","4546","5201","0","0","69","5229","13938","728","11","0","368","143","6853","8118","74","15045"
"2015-09-12","4548","5204","0","0","69","5232","13944","728","11","0","370","144","6856","8122","75","15053"
"2015-09-15","4551","5207","0","0","69","5239","13958","728","11","0","369","145","6860","8131","75","15066"
"2015-09-19","4550","5208","0","0","69","5243","13962","728","11","0","369","145","6859","8136","75","15070"
"2015-09-26","4548","5207","0","0","69","5244","13957","728","11","0","372","145","6858","8132","78","15068"
"2015-10-03","4546","5206","0","0","70","5244","13955","728","11","0","372","145","6857","8131","78","15066"
"2015-10-06","4557","5216","0","0","70","5261","13989","729","11","0","375","148","6874","8152","78","15104"
"2015-10-10","4556","5216","0","0","70","5259","13986","729","11","0","375","148","6873","8150","78","15101"
"2015-10-17","4555","5216","0","0","70","5258","13984","729","11","0","375","148","6872","8149","78","15099"
"2015-10-24","4560","5228","0","0","70","5278","14017","730","11","0","378","151","6896","8162","78","15136"
"2015-10-31","4563","5232","0","0","70","5280","14026","730","11","0","378","151","6897","8170","78","15145"
"2015-11-03","4563","5232","0","0","70","5280","14026","730","11","0","378","151","6897","8170","78","15145"
"2015-11-07","4563","5231","0","0","70","5279","14024","730","11","0","378","151","6896","8169","78","15143"
"2015-11-14","4565","5229","0","0","70","5282","14027","730","11","0","378","151","6896","8172","78","15146"
"2015-11-21","4574","5246","0","0","71","5302","14069","733","11","0","380","151","6911","8204","78","15193"
"2015-11-28","4573","5245","0","0","71","5300","14065","733","11","0","380","151","6909","8202","78","15189"
"2015-12-05","4569","5251","0","0","71","5315","14082","734","11","0","379","150","6914","8214","78","15206"
"2015-12-12","4570","5248","0","0","71","5315","14080","734","11","0","379","150","6914","8212","78","15204"
"2015-12-19","4574","5255","0","0","71","5320","14095","735","11","0","379","150","6917","8225","78","15220"
"2015-12-26","4574","5255","0","0","71","5319","14094","735","11","0","379","150","6916","8225","78","15219"
"2016-01-01","4575","5263","0","0","71","5327","14108","735","11","0","382","150","6923","8235","78","15236"
"2016-01-02","4575","5263","0","0","71","5327","14108","735","11","0","382","150","6923","8235","78","15236"
"2016-01-09","4563","5254","0","0","69","5335","14094","735","11","0","381","152","6917","8226","78","15221"
"2016-01-16","4565","5259","0","0","70","5344","14111","735","11","0","381","152","6926","8234","78","15238"
"2016-01-23","4564","5259","0","0","70","5345","14109","735","11","0","383","152","6926","8234","78","15238"
"2016-01-30","4564","5268","0","0","70","5352","14124","736","11","0","383","152","6938","8239","77","15254"
"2016-02-06","4573","5293","0","0","70","5372","14176","737","11","0","384","152","6966","8265","77","15308"
"2016-02-13","4579","5295","0","0","70","5389","14197","738","12","0","386","152","6976","8279","78","15333"
"2016-02-20","4590","5318","0","0","70","5431","14262","739","12","0","396","155","7007","8314","88","15409"
"2016-02-27","4580","5319","0","0","70","5427","14251","738","12","0","395","154","7003","8305","88","15396"
"2016-03-05","4582","5328","0","0","70","5434","14268","738","12","0","396","154","7011","8315","88","15414"
"2016-03-12","4585","5340","0","0","70","5448","14297","738","12","0","396","155","7030","8326","87","15443"
"2016-03-15","4591","5343","0","0","70","5448","14307","738","12","0","395","155","7042","8324","86","15452"
"2016-03-19","4591","5343","0","0","70","5448","14307","738","12","0","395","155","7042","8324","86","15452"
"2016-03-26","4587","5347","0","0","69","5447","14303","738","12","0","397","155","7039","8322","89","15450"
"2016-04-02","4598","5382","0","0","67","5524","14383","740","14","0","434","158","7091","8383","97","15571"
"2016-04-09","4595","5380","0","0","67","5525","14378","741","14","0","434","158","7088","8382","97","15567"
"2016-04-16","4595","5393","0","0","67","5531","14396","740","14","0","436","158","7100","8388","98","15586"
"2016-04-23","4599","5391","0","0","67","5533","14397","741","15","0","437","159","7097","8395","98","15590"
"2016-04-30","4601","5390","0","0","69","5545","14410","741","15","0","439","160","7104","8402","99","15605"
"2016-05-07","4597","5385","0","0","69","5545","14401","741","15","0","439","160","7101","8396","99","15596"
"2016-05-14","4599","5395","0","0","69","5557","14419","743","15","0","443","161","7112","8409","99","15620"
"2016-05-21","4596","5395","0","0","69","5554","14415","742","14","0","443","161","7111","8404","99","15614"
"2016-05-28","4595","5395","0","0","69","5552","14412","742","14","0","443","161","7108","8404","99","15611"
"2016-06-04","4595","5395","0","0","69","5552","14412","742","14","0","443","161","7108","8404","99","15611"
"2016-06-07","4595","5395","0","0","69","5552","14412","742","14","0","443","161","7108","8404","99","15611"
"2016-06-11","4594","5395","0","0","69","5550","14409","742","14","0","443","161","7107","8402","99","15608"
"2016-06-18","4611","5416","0","0","69","5589","14478","744","15","0","448","162","7146","8440","99","15685"
"2016-06-25","4595","5397","0","0","69","5576","14430","742","15","0","450","162","7128","8408","101","15637"
"2016-07-02","4592","5404","0","0","69","5576","14434","741","15","0","451","163","7134","8406","101","15641"
"2016-07-09","4587","5403","0","0","70","5572","14427","740","15","0","450","163","7135","8396","101","15632"
"2016-07-16","4585","5405","0","0","70","5571","14426","740","15","0","450","163","7136","8394","101","15631"
"2016-07-23","4587","5406","0","0","70","5584","14440","742","15","0","450","164","7143","8403","101","15647"
"2016-07-30","4587","5416","0","0","70","5595","14458","745","15","0","450","165","7156","8411","101","15668"
"2016-08-06","4586","5431","0","0","71","5609","14488","745","15","0","449","166","7171","8424","102","15697"
"2016-08-13","4583","5434","0","0","71","5607","14486","745","15","0","449","165","7170","8423","102","15695"
"2016-08-20","4592","5448","0","0","72","5640","14538","745","15","0","454","166","7199","8451","102","15752"
"2016-08-27","4592","5454","0","0","72","5650","14552","745","15","0","456","168","7204","8463","101","15768"
"2016-09-03","4593","5449","0","0","72","5649","14549","745","15","0","454","168","7201","8462","100","15763"
"2016-09-10","4594","5450","0","0","72","5652","14555","745","14","0","454","168","7202","8466","100","15768"
"2016-09-17","4586","5448","0","0","72","5656","14550","744","14","0","454","168","7200","8463","99","15762"
"2016-09-24","4596","5470","0","0","72","5673","14587","745","14","0","465","173","7225","8486","100","15811"
"2016-10-01","4594","5474","0","0","73","5676","14590","748","14","0","465","174","7230","8487","100","15817"
"2016-10-08","4606","5496","0","0","73","5708","14646","749","14","0","474","177","7255","8523","105","15883"
"2016-10-15","4617","5520","0","0","72","5728","14690","749","14","0","484","177","7279","8548","110","15937"
"2016-10-22","4614","5534","0","0","74","5740","14710","750","14","0","488","178","7293","8548","121","15962"
"2016-10-29","4619","5559","0","0","73","5749","14744","751","15","0","490","180","7315","8563","122","16000"
"2016-11-05","4622","5588","0","0","73","5775","14794","753","15","0","496","184","7339","8594","125","16058"
"2016-11-08","4631","5597","0","0","73","5776","14815","753","15","0","494","184","7344","8607","126","16077"
"2016-11-12","4631","5597","0","0","73","5776","14815","753","15","0","494","184","7344","8607","126","16077"
"2016-11-19","4630","5598","0","0","73","5776","14816","752","15","0","494","184","7344","8607","126","16077"
"2016-11-26","4632","5620","0","0","73","5787","14842","753","15","0","502","186","7363","8618","131","16112"
"2016-12-03","4630","5644","0","0","74","5800","14877","752","15","0","504","186","7386","8628","134","16148"
"2016-12-10","4617","5631","0","0","74","5796","14850","749","15","0","504","186","7369","8615","134","16118"
"2016-12-17","4616","5632","0","0","74","5806","14861","748","15","0","504","186","7376","8618","134","16128"
"2016-12-24","4615","5644","0","0","74","5814","14878","749","15","0","505","185","7385","8628","134","16147"
"2016-12-31","4616","5647","0","0","74","5816","14884","749","15","0","505","185","7388","8631","134","16153"
"2017-01-01","4616","5647","0","0","74","5816","14884","749","15","0","505","185","7388","8631","134","16153"
"2017-01-07","4433","5469","0","0","70","5583","14331","725","14","0","485","173","7132","8291","132","15555"
"2017-01-14","4423","5463","0","0","70","5582","14314","725","14","0","485","173","7130","8276","132","15538"
"2017-01-21","4418","5469","0","0","71","5588","14319","725","14","0","488","173","7131","8280","135","15546"
"2017-01-28","4420","5468","0","0","72","5591","14325","725","14","0","487","173","7132","8284","135","15551"
"2017-02-04","4419","5473","0","0","72","5596","14333","726","14","0","487","173","7135","8290","135","15560"
"2017-02-11","4415","5467","0","0","72","5599","14325","726","14","0","488","173","7132","8285","136","15553"
"2017-02-18","4411","5463","0","0","72","5594","14312","726","14","0","488","173","7119","8285","136","15540"
"2017-02-25","4403","5459","0","0","72","5586","14294","725","14","0","487","173","7106","8277","137","15520"
"2017-03-04","4402","5458","0","0","71","5580","14286","725","14","0","486","173","7106","8268","137","15511"
"2017-03-11","4403","5457","0","0","71","5587","14292","726","14","0","486","174","7113","8269","136","15518"
"2017-03-18","4400","5451","0","0","71","5593","14289","726","14","0","486","173","7114","8265","136","15515"
"2017-03-25","4397","5450","0","0","71","5596","14285","729","14","0","486","173","7114","8264","136","15514"
"2017-04-01","4394","5455","0","0","71","5597","14289","728","14","0","486","173","7116","8265","136","15517"
"2017-04-08","4387","5452","0","0","71","5593","14276","728","14","0","485","173","7110","8258","135","15503"
"2017-04-15","4387","5452","0","0","71","5596","14279","729","14","0","484","173","7113","8259","134","15506"
"2017-04-22","4395","5451","0","0","71","5606","14296","731","14","0","482","173","7122","8266","135","15523"
"2017-04-29","4394","5451","0","0","71","5610","14298","732","14","0","482","172","7125","8266","135","15526"
"2017-05-06","4390","5453","0","0","71","5614","14300","732","14","0","482","173","7127","8266","135","15528"
"2017-05-13","4395","5455","0","0","71","5618","14311","732","14","0","482","173","7132","8272","135","15539"
"2017-05-20","4399","5451","0","0","71","5621","14312","733","14","0","483","173","7133","8274","135","15542"
"2017-05-27","4402","5455","0","0","72","5622","14322","733","14","0","482","173","7133","8284","134","15551"
"2017-06-03","4400","5454","0","0","72","5624","14321","733","14","0","482","173","7133","8283","134","15550"
"2017-06-10","4398","5461","0","0","72","5626","14329","731","14","0","483","173","7138","8285","134","15557"
"2017-06-17","4401","5463","0","0","73","5627","14336","731","14","0","483","173","7142","8288","134","15564"
"2017-06-24","4399","5465","0","0","72","5628","14336","731","14","0","483","173","7143","8287","134","15564"
"2017-07-01","4403","5467","0","0","73","5639","14352","732","14","0","484","173","7148","8300","134","15582"
"2017-07-08","4404","5466","0","0","73","5643","14355","733","14","0","484","173","7148","8303","135","15586"
"2017-07-15","4398","5461","0","0","73","5649","14352","732","14","0","483","173","7143","8303","135","15581"
"2017-07-22","4401","5460","0","0","74","5650","14355","733","14","0","483","173","7147","8303","135","15585"
"2017-07-29","4402","5470","0","0","74","5657","14374","733","14","0","482","173","7158","8310","135","15603"
"2017-08-05","4399","5464","0","0","74","5658","14365","733","14","0","483","172","7151","8308","136","15595"
"2017-08-12","4399","5463","0","0","74","5666","14371","732","14","0","485","172","7152","8314","136","15602"
"2017-08-19","4396","5464","0","0","75","5665","14369","732","14","0","485","172","7152","8313","135","15600"
"2017-08-26","4395","5462","0","0","75","5672","14374","731","14","0","485","172","7154","8315","135","15604"
"2017-09-02","4398","5476","0","0","77","5681","14403","731","14","0","484","173","7167","8330","135","15632"
"2017-09-09","4396","5474","0","0","77","5676","14396","729","14","0","484","173","7159","8329","135","15623"
"2017-09-12","4396","5475","0","0","77","5677","14398","729","14","0","484","173","7161","8329","135","15625"
"2017-09-16","4392","5473","0","0","78","5684","14399","729","14","0","485","174","7161","8332","134","15627"
"2017-09-23","4386","5476","0","0","78","5693","14403","730","14","0","486","175","7166","8333","134","15633"
"2017-09-30","4385","5484","0","0","78","5699","14416","729","14","0","487","176","7168","8344","134","15646"
"2017-10-07","4387","5481","0","0","78","5706","14422","729","14","0","487","177","7171","8347","134","15652"
"2017-10-10","4386","5483","0","0","78","5706","14422","730","14","0","487","177","7172","8347","134","15653"
"2017-10-14","4385","5485","0","0","78","5705","14422","730","14","0","487","177","7173","8346","134","15653"
"2017-10-21","4382","5486","0","0","78","5711","14426","730","14","0","487","177","7174","8349","134","15657"
"2017-10-28","4383","5492","0","0","78","5717","14439","730","14","0","487","177","7177","8359","134","15670"
"2017-11-04","4381","5491","0","0","78","5719","14439","729","13","0","488","177","7174","8361","134","15669"
"2017-11-07","4380","5491","0","0","78","5721","14440","729","13","0","488","177","7175","8361","134","15670"
"2017-11-11","4381","5490","0","0","78","5722","14442","728","13","0","488","177","7175","8362","134","15671"
"2017-11-18","4383","5494","0","0","78","5734","14459","729","13","0","488","177","7181","8374","134","15689"
"2017-11-25","4380","5492","0","0","78","5734","14454","728","13","0","489","177","7176","8372","136","15684"
"2017-12-02","4384","5499","0","0","78","5743","14475","728","13","0","488","178","7182","8386","136","15704"
"2017-12-09","4384","5497","0","0","78","5746","14474","729","13","0","489","180","7177","8392","136","15705"
"2017-12-16","4385","5506","0","0","78","5753","14491","728","13","0","490","180","7184","8402","136","15722"
"2017-12-23","4385","5509","0","0","78","5758","14500","728","13","0","489","181","7190","8404","136","15730"
"2017-12-30","4390","5512","0","0","78","5763","14510","729","13","0","491","182","7192","8415","136","15743"
"2018-01-01","4390","5512","0","0","78","5763","14510","729","13","0","491","182","7192","8415","136","15743"
"2018-01-06","4386","5510","0","0","78","5764","14505","730","13","0","490","182","7189","8413","136","15738"
"2018-01-13","4384","5508","0","0","79","5764","14507","727","13","0","488","182","7186","8416","133","15735"
"2018-01-20","4380","5505","0","0","79","5768","14505","727","13","0","487","181","7182","8418","132","15732"
"2018-01-27","4380","5507","0","0","79","5777","14516","727","13","0","487","181","7186","8425","132","15743"
"2018-02-03","4377","5506","0","0","79","5777","14514","727","13","0","485","181","7184","8423","132","15739"
"2018-02-10","4372","5501","0","0","79","5782","14508","727","13","0","486","183","7182","8419","133","15734"
"2018-02-17","4371","5502","0","0","79","5790","14517","726","13","0","486","183","7182","8428","132","15742"
"2018-02-24","4374","5501","0","0","79","5796","14525","727","13","0","485","184","7190","8428","132","15750"
"2018-03-03","4376","5506","0","0","79","5810","14544","728","13","0","486","185","7197","8442","132","15771"
"2018-03-10","4385","5534","0","0","81","5841","14607","731","13","0","490","186","7238","8470","133","15841"
"2018-03-17","4387","5539","0","0","81","5851","14627","730","13","0","488","187","7248","8477","133","15858"
"2018-03-24","4389","5552","0","0","81","5860","14649","731","12","0","490","189","7260","8489","133","15882"
"2018-03-31","4394","5556","0","0","81","5862","14654","732","12","0","495","189","7264","8494","135","15893"
"2018-04-07","4395","5555","0","0","81","5864","14655","732","12","0","496","191","7268","8492","135","15895"
"2018-04-14","4388","5560","0","0","80","5875","14661","732","12","0","498","191","7273","8494","136","15903"
"2018-04-21","4388","5560","0","0","80","5887","14671","730","12","0","502","191","7278","8502","135","15915"
"2018-04-28","4390","5559","0","0","80","5888","14673","730","12","0","502","191","7276","8506","135","15917"
"2018-05-05","4384","5556","0","0","80","5890","14666","730","12","0","502","191","7274","8501","135","15910"
"2018-05-08","4385","5556","0","0","80","5889","14666","730","12","0","502","191","7274","8501","135","15910"
"2018-05-12","4385","5556","0","0","80","5889","14666","730","12","0","502","191","7275","8500","135","15910"
"2018-05-19","4389","5556","0","0","80","5890","14667","731","12","0","505","191","7279","8500","136","15915"
"2018-05-26","4382","5553","2","0","79","5923","14693","732","12","0","502","193","7288","8518","133","15939"
"2018-06-02","4380","5561","2","0","80","5934","14709","733","12","0","503","194","7300","8524","133","15957"
"2018-06-09","4372","5563","2","0","80","5938","14707","732","13","0","503","194","7300","8522","133","15955"
"2018-06-16","4368","5564","2","0","80","5943","14711","731","13","0","502","194","7300","8525","132","15957"
"2018-06-23","4366","5566","2","0","80","5948","14718","731","13","0","500","194","7304","8527","131","15962"
"2018-06-26","4368","5569","2","0","80","5951","14724","732","13","0","501","194","7306","8533","131","15970"
"2018-06-30","4370","5568","2","0","80","5958","14732","733","13","0","500","194","7309","8538","131","15978"
"2018-07-07","4364","5561","2","0","80","5962","14724","733","13","0","499","194","7304","8535","130","15969"
"2018-07-14","4364","5552","2","0","79","5959","14710","734","13","0","499","194","7298","8529","129","15956"
"2018-07-21","4362","5557","3","0","79","5954","14709","733","13","0","500","194","7293","8533","129","15955"
"2018-07-28","4363","5563","3","0","79","5960","14719","733","13","0","503","196","7299","8538","131","15968"
"2018-08-04","4357","5557","3","0","79","5958","14703","733","13","0","505","197","7284","8538","132","15954"
"2018-08-11","4361","5562","3","0","79","5962","14708","734","13","0","512","199","7288","8542","137","15967"
"2018-08-18","4364","5575","3","1","80","5970","14730","734","13","0","516","200","7300","8553","140","15993"
"2018-08-25","4371","5582","3","1","80","5976","14744","735","13","0","521","201","7308","8561","144","16013"
"2018-09-01","4368","5587","3","1","80","5979","14749","735","13","0","521","201","7310","8564","144","16018"
"2018-09-08","4366","5588","4","1","81","5971","14743","733","13","0","522","200","7301","8564","146","16011"
"2018-09-15","4369","5600","4","1","81","5969","14753","732","13","0","526","200","7307","8566","151","16024"
"2018-09-22","4367","5605","4","1","81","5971","14756","732","13","0","528","201","7309","8568","152","16029"
"2018-09-29","4374","5607","4","1","82","5980","14771","734","13","0","530","202","7321","8574","153","16048"
"2018-10-06","4372","5617","7","2","82","5979","14779","732","13","0","535","202","7322","8582","155","16059"
"2018-10-13","4380","5637","7","2","80","5982","14802","733","13","0","540","201","7331","8595","162","16088"
"2018-10-20","4385","5645","8","2","80","6005","14825","733","13","0","554","202","7353","8607","165","16125"
"2018-10-27","4383","5653","8","2","80","6008","14835","732","13","0","554","203","7355","8615","164","16134"
"2018-11-03","4391","5671","8","2","81","6017","14868","735","13","0","554","203","7375","8633","162","16170"
"2018-11-06","4394","5671","8","2","81","6020","14874","735","13","0","554","203","7375","8639","162","16176"
"2018-11-10","4394","5669","8","2","81","6022","14874","735","13","0","554","203","7373","8641","162","16176"
"2018-11-17","4397","5668","8","2","81","6021","14871","736","13","0","557","205","7374","8641","162","16177"
"2018-11-24","4384","5683","8","2","84","6032","14872","738","12","0","571","204","7376","8645","172","16193"
"2018-12-01","4383","5693","8","3","85","6031","14884","733","12","0","574","205","7381","8648","174","16203"
"2018-12-08","4381","5689","8","3","86","6035","14880","733","12","0","577","205","7378","8647","177","16202"
"2018-12-15","4378","5696","8","3","86","6040","14888","733","12","0","578","205","7381","8653","177","16211"
"2018-12-22","4379","5698","8","3","86","6042","14892","733","12","0","579","205","7384","8654","178","16216"
"2018-12-29","4379","5698","8","3","86","6046","14895","735","12","0","578","206","7387","8655","178","16220"
"2019-01-01","4379","5696","8","3","86","6046","14893","735","12","0","578","206","7387","8653","178","16218"
"2019-01-05","3944","5309","9","3","74","5536","13682","650","10","0","533","184","6734","7966","175","14875"
"2019-01-12","3943","5313","9","3","74","5539","13689","651","9","0","532","184","6737","7968","176","14881"
"2019-01-19","3945","5320","9","3","74","5548","13703","652","9","0","535","183","6743","7977","179","14899"
"2019-01-26","3946","5322","9","4","74","5548","13709","652","8","0","534","182","6744","7980","179","14903"
"2019-01-29","3946","5323","9","4","74","5549","13710","652","8","0","535","182","6745","7980","180","14905"
"2019-02-02","3945","5327","9","4","74","5556","13715","654","8","0","538","183","6746","7987","182","14915"
"2019-02-09","3934","5308","9","4","74","5541","13672","653","8","0","537","182","6725","7964","181","14870"
"2019-02-16","3929","5312","9","4","74","5555","13682","652","8","0","541","182","6732","7967","184","14883"
"2019-02-23","3934","5314","9","4","74","5559","13692","651","8","0","543","183","6734","7976","184","14894"
"2019-03-02","3933","5321","9","4","75","5565","13702","652","8","0","545","183","6738","7982","187","14907"
"2019-03-09","3928","5325","9","5","75","5571","13708","652","8","0","545","182","6741","7985","187","14913"
"2019-03-16","3924","5330","9","5","75","5576","13713","652","8","0","546","182","6749","7982","188","14919"
"2019-03-23","3926","5333","9","5","75","5579","13718","653","8","0","548","182","6753","7985","189","14927"
"2019-03-30","3928","5339","9","7","75","5581","13727","653","8","0","551","182","6760","7988","191","14939"
"2019-04-06","3931","5344","9","7","75","5589","13741","653","8","0","553","183","6772","7992","191","14955"
"2019-04-13","3934","5340","9","8","75","5598","13747","652","8","0","557","183","6776","7993","195","14964"
"2019-04-20","3923","5337","9","8","75","5596","13731","651","8","0","558","182","6770","7984","194","14948"
"2019-04-27","3922","5347","9","8","75","5607","13745","652","8","0","563","184","6777","7993","198","14968"
"2019-04-30","3919","5351","9","8","75","5611","13747","652","8","0","566","184","6781","7993","199","14973"
"2019-05-04","3918","5355","9","8","75","5612","13750","652","8","0","567","184","6783","7995","199","14977"
"2019-05-11","3915","5355","9","8","75","5613","13747","651","8","0","569","185","6785","7992","198","14975"
"2019-05-14","3914","5355","9","8","75","5611","13746","650","8","0","568","185","6783","7991","198","14972"
"2019-05-18","3915","5360","9","8","75","5620","13760","650","8","0","569","186","6788","8000","199","14987"
"2019-05-25","3914","5367","9","8","75","5627","13773","650","8","0","569","186","6794","8007","199","15000"
"2019-06-01","3913","5371","9","9","75","5635","13782","650","8","0","572","188","6802","8010","200","15012"
"2019-06-08","3911","5372","9","9","75","5640","13778","651","8","0","579","190","6804","8007","205","15016"
"2019-06-15","3910","5385","9","9","75","5641","13792","650","8","0","579","189","6807","8016","206","15029"
"2019-06-22","3907","5389","9","9","76","5643","13795","650","8","0","580","189","6810","8016","207","15033"
"2019-06-29","3910","5390","9","9","75","5651","13804","650","8","0","582","189","6816","8020","208","15044"
"2019-07-06","3912","5395","9","9","76","5659","13814","650","8","0","588","189","6824","8022","214","15060"
"2019-07-09","3908","5391","9","9","76","5658","13807","650","8","0","586","189","6818","8021","212","15051"
"2019-07-13","3906","5394","9","9","76","5659","13807","649","8","0","589","189","6816","8022","215","15053"
"2019-07-20","3904","5403","9","9","76","5659","13811","650","8","0","591","188","6820","8023","217","15060"
"2019-07-23","3904","5401","9","9","76","5661","13811","649","8","0","592","188","6821","8021","218","15060"
"2019-07-27","3898","5399","9","9","76","5676","13813","649","8","0","597","189","6827","8022","218","15067"
"2019-08-03","3899","5401","9","9","76","5681","13816","649","8","0","602","189","6831","8021","223","15075"
"2019-08-10","3899","5405","9","9","76","5685","13818","650","8","0","607","188","6836","8024","223","15083"
"2019-08-17","3898","5414","9","8","78","5692","13827","651","8","0","613","188","6836","8035","228","15099"
"2019-08-24","3903","5420","9","8","77","5709","13850","651","8","0","617","189","6846","8053","227","15126"
"2019-08-31","3907","5428","9","8","77","5713","13856","651","8","0","627","190","6849","8057","236","15142"
"2019-09-07","3906","5430","9","8","77","5727","13865","651","8","0","633","192","6850","8070","237","15157"
"2019-09-10","3906","5434","9","8","77","5727","13869","651","8","0","633","192","6852","8072","237","15161"
"2019-09-14","3900","5440","9","8","77","5726","13868","650","8","0","634","193","6853","8070","237","15160"
"2019-09-21","3899","5446","9","8","77","5737","13875","650","8","0","643","195","6860","8079","237","15176"
"2019-09-28","3898","5457","9","8","77","5754","13893","650","8","0","652","195","6870","8089","244","15203"
"2019-10-05","3902","5462","9","8","77","5757","13901","650","8","0","656","195","6873","8097","245","15215"
"2019-10-08","3901","5464","9","8","77","5762","13907","650","8","0","656","195","6874","8102","245","15221"
"2019-10-12","3902","5466","9","8","77","5754","13900","650","8","0","658","195","6871","8099","246","15216"
"2019-10-19","3895","5463","9","8","77","5753","13892","650","8","0","655","195","6867","8093","245","15205"
"2019-10-26","3895","5463","9","8","77","5753","13891","650","8","0","656","195","6868","8092","245","15205"
"2019-11-02","3896","5463","9","8","77","5755","13891","650","8","0","659","195","6868","8093","247","15208"
"2019-11-05","3896","5462","9","8","77","5755","13890","650","8","0","659","195","6868","8092","247","15207"
"2019-11-09","3896","5462","9","8","77","5755","13890","650","8","0","659","195","6868","8092","247","15207"
"2019-11-16","3895","5462","9","8","77","5754","13888","650","8","0","659","195","6867","8091","247","15205"
"2019-11-23","3908","5507","9","8","81","5790","13969","651","8","0","675","198","6900","8145","258","15303"
"2019-11-30","3903","5513","9","8","81","5788","13965","651","8","0","678","198","6905","8139","258","15302"
"2019-12-07","3904","5521","9","8","82","5794","13980","651","8","0","679","198","6913","8146","259","15318"
"2019-12-14","3916","5570","9","8","82","5826","14054","657","8","0","692","205","6958","8194","259","15411"
"2019-12-21","3919","5582","9","8","83","5843","14085","658","8","0","693","206","6975","8209","260","15444"
"2019-12-28","3917","5585","9","8","83","5845","14088","658","8","0","693","206","6975","8212","260","15447"
"2020-01-01","3915","5579","9","8","83","5845","14078","658","8","0","695","206","6969","8209","261","15439"
"2020-01-04","3917","5585","9","8","83","5851","14088","658","8","0","699","206","6974","8213","266","15453"
"2020-01-11","3919","5600","9","8","83","5855","14107","658","8","0","701","207","6981","8227","266","15474"
"2020-01-18","3915","5599","9","8","83","5854","14097","658","8","0","705","207","6983","8215","270","15468"
"2020-01-25","3912","5597","9","8","81","5847","14080","659","8","0","707","207","6984","8203","267","15454"
"2020-02-01","3912","5598","9","8","81","5857","14086","659","8","0","712","207","6989","8205","271","15465"
"2020-02-08","3918","5609","9","8","81","5875","14116","661","8","0","715","207","7010","8221","269","15500"
"2020-02-15","3911","5606","9","8","81","5862","14095","662","7","0","713","207","6997","8213","267","15477"
"2020-02-25","3912","5604","9","8","81","5861","14093","662","7","0","713","207","6999","8211","265","15475"
"2020-02-29","3916","5605","9","8","81","5864","14099","663","7","0","714","207","7003","8216","264","15483"
"2020-03-03","3914","5606","9","8","81","5864","14097","663","7","0","715","207","7001","8217","264","15482"
"2020-03-07","3910","5605","9","8","81","5864","14094","662","7","0","714","207","6999","8214","264","15477"
"2020-03-14","3909","5605","9","8","81","5862","14090","663","7","0","714","207","6998","8212","264","15474"
"2020-03-21","3909","5605","9","8","81","5861","14087","663","7","0","716","207","6998","8210","265","15473"
"2020-03-28","3909","5602","9","8","81","5860","14084","663","7","0","715","207","6997","8207","265","15469"
"2020-04-04","3909","5601","9","8","81","5859","14082","663","7","0","715","207","6996","8206","265","15467"
"2020-04-11","3909","5602","9","8","81","5859","14082","663","7","0","716","208","6997","8206","265","15468"
"2020-04-18","3909","5602","9","8","81","5858","14082","663","7","0","715","208","6997","8205","265","15467"
"2020-04-25","3909","5602","9","8","81","5858","14082","663","7","0","715","208","6997","8205","265","15467"
"2020-05-02","3909","5602","9","8","81","5858","14082","663","7","0","715","208","6997","8205","265","15467"
"2020-05-09","3909","5602","9","8","81","5858","14082","663","7","0","715","208","6997","8205","265","15467"
"2020-05-16","3909","5600","9","8","81","5858","14080","663","7","0","715","208","6995","8205","265","15465"
"2020-05-23","3909","5600","9","8","81","5858","14080","663","7","0","715","208","6995","8205","265","15465"
"2020-05-30","3909","5599","9","8","81","5859","14079","663","7","0","716","208","6995","8205","265","15465"
"2020-06-06","3909","5599","9","8","81","5858","14078","663","7","0","716","208","6995","8204","265","15464"
"2020-06-13","3908","5599","9","8","81","5858","14077","663","7","0","716","208","6995","8203","265","15463"
"2020-06-20","3908","5598","9","8","81","5857","14076","662","7","0","716","208","6995","8201","265","15461"
"2020-06-23","3908","5598","9","8","81","5858","14076","662","7","0","717","208","6996","8201","265","15462"
"2020-06-27","3908","5598","9","8","81","5858","14076","662","7","0","717","208","6996","8201","265","15462"
"2020-07-04","3907","5596","9","8","81","5857","14072","662","7","0","717","208","6995","8199","264","15458"
"2020-07-11","3936","5700","9","9","87","5995","14203","665","7","0","861","212","7096","8282","358","15736"
"2020-07-18","3935","5705","9","9","86","5999","14202","663","7","0","871","213","7092","8288","363","15743"
"2020-07-25","3929","5713","9","9","89","5997","14191","662","7","0","886","213","7094","8288","364","15746"
"2020-08-01","3934","5717","9","10","88","6001","14194","662","7","0","896","213","7097","8289","373","15759"
"2020-08-08","3939","5736","9","12","89","6008","14215","662","8","0","908","213","7116","8301","376","15793"
"2020-08-15","3942","5747","9","12","88","6016","14221","662","8","0","923","214","7120","8305","389","15814"
"2020-08-22","3937","5764","9","12","88","6018","14212","662","8","0","946","216","7123","8310","395","15828"
"2020-08-29","3943","5789","9","12","89","6030","14224","660","8","0","980","215","7135","8313","424","15872"
"2020-09-05","3943","5805","9","12","90","6049","14238","660","8","1","1001","215","7157","8324","427","15908"
"2020-09-12","3948","5831","8","12","91","6077","14275","659","8","1","1024","216","7178","8355","434","15967"
"2020-09-19","3956","5853","7","12","90","6101","14290","659","8","1","1061","217","7196","8378","445","16019"
"2020-09-26","3976","5893","7","13","88","6153","14330","657","8","1","1134","218","7219","8401","510","16130"
"2020-10-03","3995","5927","8","13","92","6183","14361","655","8","1","1193","218","7242","8427","549","16218"
"2020-10-10","4021","5985","10","13","92","6207","14413","658","8","1","1248","220","7278","8474","576","16328"
"2020-10-17","4028","6006","10","14","92","6219","14414","657","9","1","1288","218","7295","8498","576","16369"
"2020-10-24","4034","6028","10","14","92","6233","14448","660","9","1","1293","219","7324","8509","578","16411"
"2020-10-31","4045","6072","10","14","92","6243","14501","664","9","1","1301","219","7364","8533","579","16476"
"2020-11-03","4047","6081","10","14","92","6244","14512","664","10","1","1301","218","7367","8545","576","16488"
"2020-11-07","4047","6081","10","14","92","6245","14513","664","10","1","1301","218","7366","8547","576","16489"
"2020-11-14","4055","6101","10","14","94","6258","14545","665","10","1","1311","218","7390","8564","578","16532"
"2020-11-21","4055","6114","10","14","95","6258","14549","666","10","1","1320","219","7392","8564","590","16546"
"2020-11-28","4058","6133","10","14","96","6264","14560","666","10","1","1338","219","7405","8576","594","16575"
"2020-12-05","4053","6131","10","14","96","6273","14556","664","10","1","1346","219","7400","8575","602","16577"
"2020-12-12","4047","6123","10","15","96","6277","14550","662","10","1","1345","219","7398","8570","600","16568"
"2020-12-19","4044","6130","10","15","97","6288","14561","663","10","1","1349","218","7403","8575","606","16584"
"2020-12-26","4047","6133","10","15","96","6290","14566","665","10","1","1349","217","7403","8583","605","16591"
"2021-01-01","4048","6140","10","15","96","6292","14575","665","10","1","1350","217","7409","8586","606","16601"
"2021-01-02","4048","6140","10","15","96","6292","14575","665","10","1","1350","217","7409","8586","606","16601"
"2021-01-09","3720","5791","10","15","87","5874","13597","583","10","1","1306","189","6890","8005","602","15497"
"2021-01-16","3716","5785","10","15","87","5887","13599","583","10","1","1307","189","6887","8011","602","15500"
"2021-01-23","3713","5782","10","15","87","5886","13592","582","10","1","1308","189","6884","8009","600","15493"
"2021-01-30","3708","5786","10","15","87","5890","13595","582","10","1","1308","189","6884","8012","600","15496"
"2021-02-06","3709","5787","10","15","88","5901","13609","583","10","1","1307","191","6893","8019","598","15510"
"2021-02-13","3710","5784","10","15","88","5900","13606","582","10","1","1308","191","6888","8019","600","15507"
"2021-02-20","3709","5787","10","14","88","5909","13613","582","10","1","1311","191","6894","8021","602","15517"
"2021-02-27","3712","5796","10","14","88","5916","13624","581","10","1","1320","191","6898","8027","611","15536"
"2021-03-06","3713","5797","10","14","89","5924","13630","579","10","1","1327","191","6901","8035","611","15547"
"2021-03-13","3710","5797","10","14","89","5919","13620","577","10","1","1331","191","6895","8030","614","15539"
"2021-03-20","3701","5789","10","14","90","5921","13598","576","10","1","1340","193","6888","8019","618","15525"
"2021-03-27","3704","5790","10","14","90","5924","13606","577","10","1","1338","193","6895","8021","616","15532"
"2021-04-03","3706","5790","10","14","91","5933","13617","578","10","1","1338","192","6899","8029","616","15544"
"2021-04-10","3713","5792","10","14","91","5935","13623","578","10","1","1343","192","6903","8032","620","15555"
"2021-04-17","3710","5791","10","14","91","5935","13614","579","10","1","1347","193","6898","8032","621","15551"
"2021-04-24","3712","5797","10","14","91","5943","13624","580","10","1","1352","193","6899","8042","626","15567"
"2021-05-01","3717","5800","10","14","92","5949","13631","580","10","1","1360","194","6907","8049","626","15582"
"2021-05-08","3714","5795","10","14","92","5955","13626","580","10","1","1363","194","6907","8043","630","15580"
"2021-05-15","3716","5802","10","14","92","5963","13636","580","10","1","1370","196","6918","8052","627","15597"
"2021-05-22","3717","5807","10","14","92","5971","13644","581","10","1","1375","197","6926","8054","631","15611"
"2021-05-29","3721","5817","10","14","94","5976","13660","582","10","1","1379","198","6936","8065","631","15632"
"2021-06-05","3722","5823","10","14","94","5977","13665","583","10","1","1381","199","6940","8069","631","15640"
"2021-06-12","3716","5822","10","14","94","5976","13655","584","10","1","1382","199","6934","8067","631","15632"
"2021-06-19","3715","5825","0","0","94","6008","13664","584","10","1","1383","200","6941","8069","632","15642"
"2021-06-26","3719","5843","0","0","95","6017","13692","585","10","1","1386","200","6960","8083","631","15674"
"2021-07-03","3726","5852","0","0","95","6025","13713","585","10","1","1389","200","6968","8096","634","15698"
"2021-07-10","3726","5858","0","0","95","6031","13723","585","10","1","1391","201","6976","8102","632","15710"
"2021-07-17","3722","5861","0","0","98","6039","13731","585","10","1","1393","201","6977","8109","634","15720"
"2021-07-24","3724","5857","0","0","98","6042","13731","585","10","1","1394","201","6977","8110","634","15721"
"2021-07-31","3720","5851","0","0","98","6043","13717","586","10","1","1398","202","6972","8101","639","15712"
"2021-08-07","3724","5860","0","0","99","6048","13733","586","11","1","1400","202","6980","8111","640","15731"
"2021-08-14","3727","5863","0","0","99","6057","13746","587","11","1","1401","203","6987","8120","639","15746"
"2021-08-21","3727","5856","0","0","99","6068","13752","587","11","1","1399","203","6989","8123","638","15750"
"2021-08-28","3726","5858","0","0","98","6076","13760","587","11","1","1399","203","6994","8127","637","15758"
"2021-09-04","3726","5856","0","0","98","6092","13775","587","11","1","1398","204","6999","8137","636","15772"
"2021-09-11","3731","5877","0","0","99","6105","13808","588","11","1","1404","207","7014","8156","642","15812"
"2021-09-18","3731","5874","0","0","100","6106","14046","592","11","1","1161","215","7108","8261","442","15811"
"2021-09-25","3728","5876","0","0","100","6112","14050","592","11","1","1162","215","7109","8264","443","15816"
"2021-10-02","3731","5877","0","0","100","6121","14055","592","11","1","1170","218","7114","8271","444","15829"
"2021-10-05","3731","5876","0","0","100","6121","14054","592","11","1","1170","218","7113","8271","444","15828"
"2021-10-09","3734","5890","0","0","100","6130","14078","592","11","1","1172","218","7124","8282","448","15854"
"2021-10-16","3732","5894","0","0","100","6126","14074","592","11","2","1173","219","7122","8282","448","15852"
"2021-10-23","3730","5894","0","0","101","6126","14075","592","11","2","1171","219","7120","8284","447","15851"
"2021-10-30","3728","5893","0","0","101","6127","14073","592","11","2","1171","219","7117","8285","447","15849"
"2021-11-02","3728","5893","0","0","101","6126","14072","592","11","2","1171","219","7116","8285","447","15848"
"2021-11-06","3727","5893","0","0","101","6125","14070","592","11","2","1171","219","7116","8283","447","15846"
"2021-11-13","3739","5913","0","0","102","6152","14115","592","11","2","1186","221","7146","8312","448","15906"
"2021-11-20","3735","5911","0","0","102","6144","14103","593","11","2","1183","221","7141","8302","449","15892"
"2021-11-27","3738","5908","0","0","102","6150","14107","593","11","2","1185","223","7142","8306","450","15898"
"2021-12-04","3740","5910","0","0","102","6155","14119","593","11","2","1182","222","7138","8318","451","15907"
"2021-12-11","3743","5911","0","0","103","6156","14125","594","11","2","1181","222","7144","8318","451","15913"
"2021-12-18","3737","5918","0","0","104","6158","14129","594","11","2","1181","222","7145","8320","452","15917"
"2021-12-25","3735","5916","0","0","105","6164","14131","593","11","2","1183","222","7145","8321","454","15920"
"2022-01-01","3737","5919","0","0","105","6168","14138","594","11","2","1184","222","7150","8324","455","15929"
"2022-01-08","3745","5922","0","0","107","6176","14157","593","11","2","1187","222","7161","8335","454","15950"
"2022-01-15","3744","5924","0","0","106","6182","14163","594","11","2","1186","221","7161","8338","457","15956"
"2022-01-22","3744","5928","0","0","106","6183","14163","594","11","2","1191","222","7158","8344","459","15961"
"2022-01-29","3736","5927","0","0","107","6189","14160","594","11","1","1193","222","7147","8348","464","15959"
"2022-02-05","3732","5921","0","0","107","6190","14152","594","11","1","1192","222","7146","8340","464","15950"
"2022-02-12","3728","5917","0","0","107","6193","14144","594","11","1","1195","222","7144","8333","468","15945"
"2022-02-19","3728","5914","0","0","107","6204","14154","593","11","1","1194","222","7144","8342","467","15953"
"2022-02-26","3731","5919","0","0","107","6209","14168","593","11","1","1193","223","7150","8349","467","15966"
"2022-03-05","3734","5933","0","0","108","6214","14189","594","11","1","1194","226","7162","8359","468","15989"
"2022-03-12","3737","5933","0","0","108","6216","14192","594","11","1","1196","227","7162","8363","469","15994"
"2022-03-19","3740","5955","0","0","109","6249","14235","599","11","1","1207","230","7195","8389","469","16053"
"2022-03-26","3739","5960","0","0","110","6252","14245","599","11","1","1205","230","7200","8392","469","16061"
"2022-04-02","3734","5971","0","0","110","6265","14263","599","11","1","1206","230","7209","8403","468","16080"
"2022-04-09","3731","5966","0","0","110","6277","14267","599","11","1","1206","230","7210","8404","470","16084"
"2022-04-16","3719","5977","0","0","112","6281","14278","597","11","1","1202","229","7212","8408","469","16089"
"2022-04-23","3717","5980","0","0","112","6293","14290","598","11","1","1202","230","7215","8415","472","16102"
"2022-04-30","3713","5986","0","0","112","6299","14300","598","11","1","1200","229","7218","8421","471","16110"
"2022-05-07","3711","5982","0","0","112","6297","14294","597","11","1","1199","229","7213","8419","470","16102"
"2022-05-14","3710","5981","0","0","112","6294","14290","596","11","1","1199","229","7204","8423","470","16097"
"2022-05-17","3710","5981","0","0","112","6294","14290","596","11","1","1199","229","7204","8423","470","16097"
"2022-05-21","3710","5981","0","0","112","6294","14290","596","11","1","1199","229","7204","8423","470","16097"
"2022-05-28","3711","5996","0","0","112","6302","14308","599","11","2","1201","231","7216","8436","469","16121"
"2022-06-04","3714","6007","0","0","111","6338","14347","603","11","2","1207","232","7242","8453","475","16170"
"2022-06-11","3714","6008","0","0","111","6343","14358","603","11","2","1202","234","7243","8457","476","16176"
"2022-06-18","3716","6011","0","0","111","6350","14366","603","11","2","1206","235","7245","8462","481","16188"
"2022-06-25","3716","6014","0","0","111","6354","14372","603","11","2","1207","236","7247","8466","482","16195"
"2022-07-02","3719","6022","0","0","111","6360","14386","603","11","2","1210","237","7252","8474","486","16212"
"2022-07-09","3719","6028","0","0","111","6378","14407","603","11","2","1213","237","7264","8486","486","16236"
"2022-07-16","3716","6028","0","0","111","6374","14401","602","11","2","1213","238","7257","8486","486","16229"
"2022-07-23","3715","6030","0","0","112","6378","14403","602","11","2","1217","240","7258","8491","486","16235"
"2022-07-26","3717","6035","0","0","112","6379","14408","602","11","2","1220","240","7261","8496","486","16243"
"2022-07-30","3715","6041","0","0","112","6385","14419","602","11","2","1219","241","7263","8502","488","16253"
"2022-08-06","3711","6044","0","0","113","6394","14429","601","11","2","1219","243","7260","8513","489","16262"
"2022-08-13","3711","6043","0","0","113","6393","14427","601","11","2","1219","243","7259","8512","489","16260"
"2022-08-20","3712","6041","0","0","112","6406","14434","602","11","2","1222","245","7261","8520","490","16271"
"2022-08-27","3716","6050","1","0","111","6414","14454","602","11","2","1223","245","7269","8531","492","16292"
"2022-09-03","3718","6047","1","0","111","6426","14467","602","11","2","1221","246","7273","8539","491","16303"
"2022-09-10","3717","6052","1","0","111","6434","14474","603","11","2","1225","248","7278","8544","493","16315"
"2022-09-17","3717","6058","1","0","112","6437","14485","603","11","2","1224","247","7285","8549","491","16325"
"2022-09-24","3725","6061","1","0","112","6455","14505","603","12","2","1232","247","7295","8559","500","16354"
"2022-10-01","3728","6072","1","0","111","6472","14531","604","12","2","1235","247","7310","8573","501","16384"
"2022-10-08","3733","6081","1","0","111","6479","14550","606","11","2","1236","247","7317","8584","504","16405"
"2022-10-15","3731","6090","1","0","111","6485","14560","606","12","2","1238","250","7319","8596","503","16418"
"2022-10-22","3732","6092","1","0","111","6488","14565","606","12","2","1239","250","7322","8599","503","16424"
"2022-10-29","3733","6101","1","0","111","6499","14583","606","12","2","1242","251","7330","8614","501","16445"
"2022-11-05","3735","6115","1","0","111","6507","14605","606","12","2","1244","251","7338","8629","502","16469"
"2022-11-08","3737","6125","1","0","111","6515","14623","608","12","2","1244","251","7347","8641","501","16489"
"2022-11-12","3737","6124","1","0","111","6517","14623","609","12","2","1244","251","7347","8642","501","16490"
"2022-11-19","3737","6129","1","0","111","6523","14624","609","12","2","1254","251","7350","8642","509","16501"
"2022-11-26","3728","6155","1","0","112","6566","14676","609","12","2","1263","258","7375","8678","509","16562"
"2022-12-03","3725","6153","1","0","113","6569","14673","610","12","2","1264","260","7374","8679","508","16561"
"2022-12-06","3727","6154","1","0","113","6567","14673","610","12","2","1265","261","7374","8680","508","16562"
"2022-12-10","3727","6155","1","0","114","6572","14681","610","12","2","1264","261","7378","8683","508","16569"
"2022-12-17","3721","6158","1","0","113","6572","14676","611","12","2","1264","261","7374","8683","508","16565"
"2022-12-24","3720","6161","1","0","113","6575","14682","612","12","2","1262","261","7378","8686","506","16570"
"2022-12-31","3722","6160","1","0","113","6576","14686","612","12","2","1260","261","7380","8688","504","16572"
"2023-01-01","3722","6160","1","0","113","6576","14686","612","12","2","1260","261","7380","8688","504","16572"
"2023-01-07","3723","6168","1","0","112","6588","14703","612","12","2","1263","264","7392","8696","504","16592"
"2023-01-14","3720","6166","1","0","112","6595","14706","612","12","2","1262","264","7396","8694","504","16594"
"2023-01-21","3585","5963","1","0","109","6342","14179","577","10","2","1232","255","7101","8403","496","16000"
"2023-01-28","3589","5970","1","0","109","6352","14199","577","10","2","1233","257","7110","8413","498","16021"
"2023-02-04","3593","5976","1","0","110","6349","14205","578","10","2","1234","259","7115","8419","495","16029"
"2023-02-11","3588","5981","1","0","110","6350","14204","578","10","2","1236","259","7115","8417","498","16030"
"2023-02-18","3591","5984","1","0","110","6354","14212","578","10","2","1238","262","7119","8422","499","16040"
"2023-02-25","3591","5987","1","0","110","6362","14218","579","10","2","1242","265","7122","8428","501","16051"
"2023-03-04","3594","5994","1","0","110","6365","14232","580","10","2","1240","265","7129","8433","502","16064"
"2023-03-07","3594","5998","1","0","110","6366","14233","580","10","2","1244","266","7131","8434","504","16069"
"2023-03-11","3592","6006","1","0","110","6365","14237","579","10","2","1246","266","7130","8437","507","16074"
"2023-03-18","3594","6009","1","0","110","6367","14247","579","10","2","1243","266","7132","8441","508","16081"
"2023-03-25","3596","6011","1","0","110","6366","14251","578","10","2","1243","266","7134","8441","509","16084"
"2023-04-01","3593","6019","1","0","110","6370","14260","577","10","2","1244","267","7139","8446","508","16093"
"2023-04-08","3591","6018","1","0","110","6371","14256","578","10","2","1245","267","7136","8447","508","16091"
"2023-04-15","3590","6024","1","0","111","6377","14268","578","10","2","1245","266","7145","8450","508","16103"
"2023-04-22","3591","6027","1","0","110","6385","14278","578","10","2","1246","267","7150","8455","509","16114"
"2023-04-29","3593","6032","1","0","110","6388","14285","578","10","2","1249","269","7155","8460","509","16124"
"2023-05-06","3595","6036","1","0","110","6397","14296","580","10","2","1251","272","7165","8464","510","16139"
"2023-05-13","3595","6033","1","0","109","6395","14293","580","10","2","1248","271","7163","8463","507","16133"
"2023-05-20","3598","6036","1","0","109","6410","14312","580","10","2","1250","272","7171","8472","511","16154"
"2023-05-27","3600","6038","1","0","109","6417","14324","580","10","2","1249","273","7174","8478","513","16165"
"2023-06-03","3602","6036","1","0","109","6421","14328","580","10","2","1249","275","7176","8479","514","16169"
"2023-06-10","3608","6038","1","0","109","6427","14336","583","10","2","1252","279","7176","8492","515","16183"
"2023-06-18","3605","6038","1","0","108","6435","14339","583","10","2","1253","280","7174","8499","514","16187"
"2023-06-24","3608","6047","1","0","108","6444","14358","584","10","2","1254","281","7185","8509","514","16208"
"2023-07-01","3614","6053","1","0","108","6451","14372","584","10","2","1259","281","7192","8516","519","16227"
"2023-07-08","3612","6051","2","0","108","6447","14367","585","9","2","1257","282","7187","8515","518","16220"
"2023-07-15","3610","6055","2","0","109","6461","14382","585","9","2","1259","283","7192","8525","520","16237"
"2023-07-22","3607","6064","2","0","109","6467","14394","584","9","2","1260","283","7199","8531","519","16249"
"2023-07-29","3603","6061","2","0","109","6468","14389","584","9","2","1259","283","7194","8530","519","16243"
"2023-08-05","3601","6068","2","0","109","6469","14394","583","9","2","1261","283","7196","8534","519","16249"
"2023-08-12","3604","6074","2","0","109","6470","14400","584","9","2","1264","285","7200","8538","521","16259"

